locus_tag,annot_site_detected,alt_site_detected,riboseq_reads_detected
b0001,FALSE,FALSE,TRUE
b0002,TRUE,TRUE,TRUE
b0003,FALSE,FALSE,TRUE
b0004,TRUE,TRUE,TRUE
b0005,TRUE,FALSE,TRUE
b0006,FALSE,FALSE,TRUE
b0007,FALSE,TRUE,TRUE
b0008,TRUE,FALSE,TRUE
b0009,TRUE,FALSE,TRUE
b0010,TRUE,TRUE,TRUE
b0011,TRUE,TRUE,TRUE
b0013,FALSE,FALSE,FALSE
b0014,TRUE,FALSE,TRUE
b0015,TRUE,FALSE,TRUE
b0016,FALSE,FALSE,FALSE
b0018,FALSE,FALSE,TRUE
b4412,FALSE,TRUE,TRUE
b0019,TRUE,FALSE,TRUE
b0020,FALSE,TRUE,TRUE
b0021,FALSE,FALSE,FALSE
b0022,FALSE,FALSE,FALSE
b0023,TRUE,TRUE,TRUE
b0024,FALSE,FALSE,FALSE
b0025,TRUE,FALSE,TRUE
b0026,TRUE,FALSE,TRUE
b0027,FALSE,FALSE,FALSE
b0028,TRUE,FALSE,TRUE
b0029,FALSE,FALSE,TRUE
b0030,TRUE,FALSE,TRUE
b0031,TRUE,TRUE,TRUE
b0032,TRUE,TRUE,TRUE
b0033,TRUE,FALSE,TRUE
b0034,TRUE,FALSE,TRUE
b0035,FALSE,FALSE,TRUE
b0036,TRUE,FALSE,TRUE
b0037,TRUE,FALSE,TRUE
b0038,TRUE,FALSE,TRUE
b0039,TRUE,TRUE,TRUE
b0040,TRUE,FALSE,TRUE
b0041,TRUE,TRUE,TRUE
b0042,TRUE,FALSE,TRUE
b0043,FALSE,FALSE,FALSE
b0044,TRUE,FALSE,TRUE
b0045,FALSE,FALSE,TRUE
b0046,FALSE,FALSE,TRUE
b0047,FALSE,FALSE,TRUE
b0048,TRUE,FALSE,TRUE
b0049,FALSE,FALSE,TRUE
b0050,TRUE,FALSE,TRUE
b0051,TRUE,FALSE,TRUE
b0052,FALSE,FALSE,TRUE
b0053,TRUE,FALSE,TRUE
b0054,FALSE,TRUE,TRUE
b0055,TRUE,FALSE,TRUE
b4659,TRUE,TRUE,TRUE
b4659,FALSE,TRUE,TRUE
b0058,TRUE,TRUE,TRUE
b0059,TRUE,FALSE,TRUE
b0060,TRUE,FALSE,TRUE
b0061,TRUE,FALSE,TRUE
b0062,TRUE,FALSE,TRUE
b0063,TRUE,FALSE,TRUE
b0064,FALSE,FALSE,TRUE
b0065,FALSE,FALSE,TRUE
b0066,TRUE,TRUE,TRUE
b0067,FALSE,FALSE,FALSE
b0068,FALSE,FALSE,TRUE
b0069,FALSE,FALSE,TRUE
b4662,FALSE,TRUE,TRUE
b0070,FALSE,FALSE,TRUE
b0071,FALSE,FALSE,TRUE
b0072,FALSE,FALSE,TRUE
b0073,TRUE,FALSE,TRUE
b0074,FALSE,TRUE,TRUE
b0075,FALSE,FALSE,TRUE
b0076,FALSE,TRUE,TRUE
b0077,TRUE,FALSE,TRUE
b0078,TRUE,FALSE,TRUE
b0080,TRUE,TRUE,TRUE
b0081,FALSE,FALSE,TRUE
b0082,FALSE,FALSE,TRUE
b0083,FALSE,FALSE,TRUE
b0084,TRUE,FALSE,TRUE
b0085,TRUE,FALSE,TRUE
b0086,FALSE,FALSE,TRUE
b0087,TRUE,FALSE,TRUE
b0088,FALSE,FALSE,TRUE
b0089,FALSE,FALSE,TRUE
b0090,TRUE,FALSE,TRUE
b0091,TRUE,FALSE,TRUE
b0092,TRUE,FALSE,TRUE
b0093,FALSE,FALSE,TRUE
b0094,FALSE,FALSE,TRUE
b0095,TRUE,FALSE,TRUE
b0096,TRUE,FALSE,TRUE
b0097,TRUE,FALSE,TRUE
b0098,FALSE,FALSE,TRUE
b0099,TRUE,FALSE,TRUE
b0101,TRUE,FALSE,TRUE
b0102,TRUE,FALSE,TRUE
b0103,FALSE,TRUE,TRUE
b0104,TRUE,FALSE,TRUE
b0106,FALSE,FALSE,TRUE
b0107,TRUE,FALSE,TRUE
b0108,TRUE,FALSE,TRUE
b0109,FALSE,FALSE,TRUE
b0110,TRUE,FALSE,TRUE
b0111,TRUE,FALSE,TRUE
b0112,TRUE,FALSE,TRUE
b0113,FALSE,TRUE,TRUE
b0114,TRUE,FALSE,TRUE
b0115,TRUE,FALSE,TRUE
b0116,TRUE,FALSE,TRUE
b0117,TRUE,FALSE,TRUE
b0118,TRUE,FALSE,TRUE
b0119,TRUE,FALSE,TRUE
b0120,TRUE,FALSE,TRUE
b0121,TRUE,TRUE,TRUE
b0122,FALSE,FALSE,FALSE
b0123,TRUE,FALSE,TRUE
b0124,TRUE,FALSE,TRUE
b0125,TRUE,FALSE,TRUE
b0126,FALSE,FALSE,TRUE
b0127,TRUE,FALSE,TRUE
b0128,TRUE,TRUE,TRUE
b0129,TRUE,FALSE,TRUE
b0130,FALSE,FALSE,TRUE
b0131,TRUE,FALSE,TRUE
b0132,TRUE,FALSE,TRUE
b0133,TRUE,FALSE,TRUE
b0134,TRUE,FALSE,TRUE
b0135,TRUE,FALSE,TRUE
b0136,FALSE,TRUE,TRUE
b0137,TRUE,FALSE,TRUE
b0138,TRUE,FALSE,TRUE
b0139,TRUE,FALSE,TRUE
b0140,TRUE,TRUE,TRUE
b0141,TRUE,FALSE,TRUE
b0142,FALSE,FALSE,TRUE
b0143,FALSE,FALSE,TRUE
b0144,FALSE,TRUE,TRUE
b0145,TRUE,FALSE,TRUE
b0146,TRUE,FALSE,TRUE
b0147,FALSE,FALSE,FALSE
b0148,FALSE,FALSE,TRUE
b0149,TRUE,TRUE,TRUE
b0150,TRUE,FALSE,TRUE
b0151,FALSE,FALSE,FALSE
b0152,FALSE,TRUE,TRUE
b0153,FALSE,TRUE,TRUE
b0154,TRUE,FALSE,TRUE
b0155,TRUE,FALSE,TRUE
b0156,TRUE,FALSE,TRUE
b0157,TRUE,FALSE,TRUE
b0158,FALSE,FALSE,TRUE
b0159,TRUE,FALSE,TRUE
b0160,TRUE,FALSE,TRUE
b0161,TRUE,FALSE,TRUE
b0162,FALSE,FALSE,TRUE
b0163,TRUE,FALSE,TRUE
b0164,FALSE,TRUE,TRUE
b0166,TRUE,FALSE,TRUE
b0167,TRUE,FALSE,TRUE
b0168,FALSE,TRUE,TRUE
b0169,TRUE,FALSE,TRUE
b0170,TRUE,TRUE,TRUE
b0171,TRUE,FALSE,TRUE
b0172,TRUE,TRUE,TRUE
b0173,TRUE,FALSE,TRUE
b0174,TRUE,FALSE,TRUE
b0175,FALSE,FALSE,TRUE
b0176,TRUE,FALSE,TRUE
b0177,TRUE,FALSE,TRUE
b0178,TRUE,TRUE,TRUE
b0179,FALSE,FALSE,FALSE
b0180,TRUE,FALSE,TRUE
b0181,TRUE,FALSE,TRUE
b0182,FALSE,FALSE,FALSE
b0183,TRUE,TRUE,TRUE
b0184,FALSE,FALSE,TRUE
b0185,TRUE,TRUE,TRUE
b0186,TRUE,FALSE,TRUE
b0187,TRUE,FALSE,TRUE
b0188,FALSE,FALSE,TRUE
b0189,TRUE,TRUE,TRUE
b4406,TRUE,TRUE,TRUE
b0190,FALSE,FALSE,TRUE
b0191,FALSE,FALSE,TRUE
b0192,TRUE,FALSE,TRUE
b0193,TRUE,TRUE,TRUE
b0194,TRUE,FALSE,TRUE
b0195,FALSE,FALSE,FALSE
b0196,TRUE,FALSE,TRUE
b0197,TRUE,FALSE,TRUE
b0198,TRUE,FALSE,TRUE
b0199,TRUE,FALSE,TRUE
b0200,TRUE,TRUE,TRUE
b0207,FALSE,FALSE,FALSE
b0208,TRUE,FALSE,TRUE
b0209,TRUE,FALSE,TRUE
b0210,FALSE,FALSE,FALSE
b0211,FALSE,FALSE,TRUE
b0212,TRUE,FALSE,TRUE
b0213,TRUE,FALSE,TRUE
b0214,TRUE,FALSE,TRUE
b0215,TRUE,FALSE,TRUE
b0217,FALSE,FALSE,FALSE
b4586,TRUE,FALSE,TRUE
b0218,FALSE,TRUE,TRUE
b4503,FALSE,FALSE,TRUE
b0219,FALSE,FALSE,TRUE
b0220,TRUE,TRUE,TRUE
b0221,TRUE,FALSE,TRUE
b0222,TRUE,FALSE,TRUE
b0223,TRUE,FALSE,TRUE
b0224,TRUE,FALSE,TRUE
b0225,TRUE,TRUE,TRUE
b0226,TRUE,FALSE,TRUE
b0227,FALSE,TRUE,TRUE
b0228,TRUE,TRUE,TRUE
b0229,FALSE,FALSE,FALSE
b0230,FALSE,FALSE,FALSE
b0231,TRUE,FALSE,TRUE
b0232,TRUE,TRUE,TRUE
b0233,TRUE,TRUE,TRUE
b0234,FALSE,FALSE,TRUE
b0235,TRUE,TRUE,TRUE
b0236,FALSE,FALSE,FALSE
b0237,FALSE,FALSE,TRUE
b0238,TRUE,FALSE,TRUE
b0239,FALSE,FALSE,TRUE
b0240,TRUE,FALSE,TRUE
b0240,FALSE,FALSE,TRUE
b0241,TRUE,FALSE,TRUE
b0242,TRUE,FALSE,TRUE
b0243,TRUE,FALSE,TRUE
b4626,TRUE,TRUE,TRUE
b0245,TRUE,FALSE,TRUE
b0246,TRUE,FALSE,TRUE
b4504,TRUE,TRUE,TRUE
b0247,TRUE,TRUE,TRUE
b0248,FALSE,FALSE,TRUE
b0249,FALSE,FALSE,TRUE
b0250,TRUE,FALSE,TRUE
b0251,FALSE,FALSE,TRUE
b4627,FALSE,TRUE,TRUE
b4628,TRUE,FALSE,TRUE
b0252,FALSE,FALSE,TRUE
b0253,TRUE,FALSE,TRUE
b0254,TRUE,FALSE,TRUE
b4587,TRUE,FALSE,TRUE
b4587,FALSE,FALSE,TRUE
b0256,FALSE,FALSE,FALSE
b0258,TRUE,FALSE,TRUE
b0259,FALSE,FALSE,FALSE
b0260,TRUE,FALSE,TRUE
b0261,TRUE,FALSE,TRUE
b0262,TRUE,FALSE,TRUE
b0263,FALSE,FALSE,FALSE
b0264,FALSE,FALSE,FALSE
b0265,FALSE,FALSE,FALSE
b4708,FALSE,TRUE,TRUE
b4505,TRUE,FALSE,TRUE
b0266,TRUE,TRUE,TRUE
b0267,FALSE,TRUE,TRUE
b0268,TRUE,FALSE,TRUE
b0269,FALSE,FALSE,TRUE
b0270,TRUE,FALSE,TRUE
b0271,TRUE,FALSE,TRUE
b0272,FALSE,FALSE,TRUE
b0273,TRUE,FALSE,TRUE
b4688,FALSE,TRUE,TRUE
b0274,FALSE,FALSE,FALSE
b0275,FALSE,FALSE,FALSE
b0276,FALSE,TRUE,TRUE
b0277,TRUE,FALSE,TRUE
b0278,TRUE,TRUE,TRUE
b0279,TRUE,FALSE,TRUE
b0280,TRUE,FALSE,TRUE
b0281,FALSE,TRUE,TRUE
b4694,FALSE,TRUE,TRUE
b4695,FALSE,FALSE,TRUE
b0283,TRUE,FALSE,TRUE
b0284,TRUE,TRUE,TRUE
b0285,TRUE,FALSE,TRUE
b0286,FALSE,FALSE,TRUE
b0287,TRUE,FALSE,TRUE
b0288,TRUE,FALSE,TRUE
b0289,TRUE,FALSE,TRUE
b0290,TRUE,FALSE,TRUE
b0291,TRUE,FALSE,TRUE
b0292,FALSE,FALSE,TRUE
b0293,TRUE,FALSE,TRUE
b0294,FALSE,FALSE,TRUE
b0295,TRUE,TRUE,TRUE
b4506,TRUE,TRUE,TRUE
b0296,TRUE,TRUE,TRUE
b4671,TRUE,FALSE,TRUE
b4630,FALSE,TRUE,TRUE
b0297,TRUE,TRUE,TRUE
b0298,FALSE,FALSE,FALSE
b0299,FALSE,FALSE,FALSE
b0300,FALSE,TRUE,TRUE
b4631,FALSE,FALSE,TRUE
b0301,TRUE,FALSE,TRUE
b0303,FALSE,FALSE,TRUE
b0304,TRUE,FALSE,TRUE
b0305,TRUE,TRUE,TRUE
b0306,TRUE,FALSE,TRUE
b0307,TRUE,FALSE,TRUE
b0308,TRUE,FALSE,TRUE
b0310,FALSE,TRUE,TRUE
b0311,TRUE,FALSE,TRUE
b0312,TRUE,TRUE,TRUE
b0313,FALSE,FALSE,TRUE
b0314,TRUE,FALSE,TRUE
b0315,TRUE,TRUE,TRUE
b0316,FALSE,TRUE,TRUE
b0317,TRUE,FALSE,TRUE
b0318,TRUE,TRUE,TRUE
b0319,FALSE,FALSE,TRUE
b0320,TRUE,FALSE,TRUE
b0321,TRUE,TRUE,TRUE
b0323,TRUE,FALSE,TRUE
b0324,TRUE,FALSE,TRUE
b0325,TRUE,FALSE,TRUE
b0326,TRUE,FALSE,TRUE
b0327,FALSE,TRUE,TRUE
b0328,TRUE,TRUE,TRUE
b0329,TRUE,FALSE,TRUE
b0330,FALSE,FALSE,TRUE
b0331,TRUE,FALSE,TRUE
b0333,TRUE,FALSE,TRUE
b0334,TRUE,FALSE,TRUE
b0335,TRUE,FALSE,TRUE
b0336,TRUE,FALSE,TRUE
b0337,TRUE,FALSE,TRUE
b0338,TRUE,TRUE,TRUE
b0339,TRUE,TRUE,TRUE
b0340,TRUE,FALSE,TRUE
b0341,TRUE,FALSE,TRUE
b0342,TRUE,TRUE,TRUE
b0343,FALSE,FALSE,TRUE
b0344,TRUE,FALSE,TRUE
b0345,TRUE,FALSE,TRUE
b0346,TRUE,TRUE,TRUE
b0347,TRUE,FALSE,TRUE
b0348,FALSE,FALSE,TRUE
b0349,TRUE,FALSE,TRUE
b0350,TRUE,FALSE,TRUE
b0351,TRUE,TRUE,TRUE
b0352,TRUE,FALSE,TRUE
b0353,FALSE,FALSE,TRUE
b0354,TRUE,FALSE,TRUE
b0355,FALSE,TRUE,TRUE
b0356,TRUE,FALSE,TRUE
b0357,TRUE,TRUE,TRUE
b0358,TRUE,FALSE,TRUE
b4579,TRUE,TRUE,TRUE
b4579,FALSE,TRUE,TRUE
b0360,FALSE,FALSE,FALSE
b0361,FALSE,FALSE,FALSE
b0363,TRUE,FALSE,TRUE
b0364,TRUE,FALSE,TRUE
b0365,TRUE,FALSE,TRUE
b0366,FALSE,FALSE,TRUE
b0367,FALSE,TRUE,TRUE
b0368,FALSE,FALSE,TRUE
b0369,TRUE,FALSE,TRUE
b4580,TRUE,TRUE,TRUE
b4580,FALSE,TRUE,TRUE
b0372,FALSE,FALSE,FALSE
b0373,FALSE,FALSE,FALSE
b0375,TRUE,FALSE,TRUE
b0376,TRUE,FALSE,TRUE
b0377,TRUE,FALSE,TRUE
b0378,TRUE,TRUE,TRUE
b0379,TRUE,FALSE,TRUE
b0380,TRUE,FALSE,TRUE
b0381,TRUE,FALSE,TRUE
b0382,TRUE,FALSE,TRUE
b0383,TRUE,FALSE,TRUE
b0384,TRUE,FALSE,TRUE
b0385,FALSE,FALSE,TRUE
b0386,TRUE,FALSE,TRUE
b0387,TRUE,TRUE,TRUE
b0388,FALSE,FALSE,TRUE
b0389,TRUE,TRUE,TRUE
b0390,TRUE,FALSE,TRUE
b0391,TRUE,FALSE,TRUE
b0392,FALSE,TRUE,TRUE
b0393,FALSE,TRUE,TRUE
b0394,TRUE,FALSE,TRUE
b0396,TRUE,FALSE,TRUE
b0397,FALSE,TRUE,TRUE
b0398,FALSE,FALSE,FALSE
b0399,FALSE,FALSE,TRUE
b0400,TRUE,FALSE,TRUE
b0401,FALSE,FALSE,TRUE
b0402,TRUE,FALSE,TRUE
b0403,TRUE,TRUE,TRUE
b0404,TRUE,TRUE,TRUE
b0405,FALSE,FALSE,FALSE
b0406,TRUE,FALSE,TRUE
b0407,TRUE,TRUE,TRUE
b0408,TRUE,FALSE,TRUE
b0409,TRUE,TRUE,TRUE
b0410,FALSE,FALSE,TRUE
b0411,FALSE,FALSE,TRUE
b0412,TRUE,FALSE,TRUE
b0413,FALSE,TRUE,TRUE
b0414,FALSE,TRUE,TRUE
b0415,TRUE,FALSE,TRUE
b0416,FALSE,FALSE,TRUE
b0417,FALSE,FALSE,TRUE
b0418,FALSE,FALSE,TRUE
b0419,TRUE,FALSE,TRUE
b0420,TRUE,FALSE,TRUE
b0421,TRUE,FALSE,TRUE
b0422,TRUE,FALSE,TRUE
b0423,FALSE,FALSE,TRUE
b0424,TRUE,FALSE,TRUE
b0425,TRUE,FALSE,TRUE
b0426,TRUE,FALSE,TRUE
b0427,TRUE,FALSE,TRUE
b0428,FALSE,FALSE,TRUE
b0429,TRUE,TRUE,TRUE
b0430,TRUE,FALSE,TRUE
b0431,TRUE,FALSE,TRUE
b0432,TRUE,FALSE,TRUE
b0433,FALSE,FALSE,FALSE
b0434,TRUE,FALSE,TRUE
b0435,TRUE,FALSE,TRUE
b0436,TRUE,FALSE,TRUE
b0437,TRUE,FALSE,TRUE
b0438,TRUE,TRUE,TRUE
b0439,TRUE,FALSE,TRUE
b0440,TRUE,TRUE,TRUE
b0441,FALSE,FALSE,TRUE
b0442,TRUE,FALSE,TRUE
b0443,TRUE,FALSE,TRUE
b0444,TRUE,TRUE,TRUE
b0445,FALSE,FALSE,TRUE
b0446,TRUE,FALSE,TRUE
b0447,TRUE,TRUE,TRUE
b0448,FALSE,FALSE,TRUE
b0449,TRUE,FALSE,TRUE
b0450,TRUE,FALSE,TRUE
b0451,TRUE,FALSE,TRUE
b0452,TRUE,FALSE,TRUE
b0453,TRUE,FALSE,TRUE
b0454,FALSE,TRUE,TRUE
b0456,TRUE,FALSE,TRUE
b0457,TRUE,TRUE,TRUE
b0458,FALSE,FALSE,TRUE
b0459,TRUE,FALSE,TRUE
b0460,TRUE,FALSE,TRUE
b0461,TRUE,FALSE,TRUE
b0462,TRUE,FALSE,TRUE
b0463,TRUE,FALSE,TRUE
b0464,FALSE,FALSE,TRUE
b0465,FALSE,FALSE,FALSE
b0466,FALSE,FALSE,TRUE
b0467,TRUE,FALSE,TRUE
b0468,TRUE,TRUE,TRUE
b0469,FALSE,FALSE,TRUE
b0470,TRUE,TRUE,TRUE
b0471,TRUE,TRUE,TRUE
b0472,FALSE,FALSE,FALSE
b0473,TRUE,FALSE,TRUE
b0474,TRUE,TRUE,TRUE
b0475,TRUE,FALSE,TRUE
b0476,TRUE,FALSE,TRUE
b0477,FALSE,FALSE,FALSE
b0478,TRUE,FALSE,TRUE
b0479,TRUE,TRUE,TRUE
b0480,TRUE,TRUE,TRUE
b0481,FALSE,FALSE,FALSE
b0482,TRUE,FALSE,TRUE
b0483,TRUE,FALSE,TRUE
b0484,TRUE,TRUE,TRUE
b0485,TRUE,FALSE,TRUE
b0486,TRUE,FALSE,TRUE
b0487,TRUE,FALSE,TRUE
b0488,TRUE,FALSE,TRUE
b0489,TRUE,FALSE,TRUE
b0490,TRUE,FALSE,TRUE
b0491,FALSE,FALSE,TRUE
b0492,TRUE,FALSE,TRUE
b0493,FALSE,TRUE,TRUE
b0494,FALSE,FALSE,FALSE
b0495,FALSE,FALSE,TRUE
b0496,TRUE,TRUE,TRUE
b0497,TRUE,FALSE,TRUE
b0498,TRUE,FALSE,TRUE
b0499,FALSE,FALSE,TRUE
b0501,TRUE,TRUE,TRUE
b4632,FALSE,FALSE,TRUE
b0502,TRUE,FALSE,TRUE
b0502,FALSE,FALSE,TRUE
b0503,FALSE,FALSE,TRUE
b0504,TRUE,TRUE,TRUE
b0505,TRUE,FALSE,TRUE
b0506,FALSE,FALSE,TRUE
b0507,TRUE,FALSE,TRUE
b0508,FALSE,FALSE,TRUE
b0509,TRUE,FALSE,TRUE
b0511,TRUE,FALSE,TRUE
b0512,TRUE,FALSE,TRUE
b0513,FALSE,FALSE,TRUE
b0514,TRUE,TRUE,TRUE
b0515,TRUE,TRUE,TRUE
b0516,TRUE,FALSE,TRUE
b0517,TRUE,FALSE,TRUE
b0518,FALSE,TRUE,TRUE
b4572,TRUE,TRUE,TRUE
b0520,FALSE,FALSE,TRUE
b0521,FALSE,TRUE,TRUE
b0522,FALSE,FALSE,FALSE
b0523,FALSE,FALSE,TRUE
b0524,FALSE,TRUE,TRUE
b0525,TRUE,FALSE,TRUE
b0526,FALSE,FALSE,TRUE
b0527,FALSE,FALSE,FALSE
b0528,FALSE,FALSE,TRUE
b0529,TRUE,TRUE,TRUE
b0530,TRUE,FALSE,TRUE
b0531,TRUE,TRUE,TRUE
b0532,FALSE,FALSE,TRUE
b0533,FALSE,TRUE,TRUE
b0534,TRUE,FALSE,TRUE
b0535,FALSE,FALSE,TRUE
b0537,FALSE,FALSE,FALSE
b4633,FALSE,FALSE,FALSE
b0539,FALSE,FALSE,FALSE
b4508,FALSE,FALSE,FALSE
b0542,TRUE,TRUE,TRUE
b0542,FALSE,TRUE,TRUE
b0540,FALSE,FALSE,FALSE
b0541,FALSE,FALSE,FALSE
b0543,TRUE,FALSE,TRUE
b0544,TRUE,FALSE,TRUE
b0545,FALSE,TRUE,TRUE
b0546,FALSE,FALSE,TRUE
b4588,FALSE,FALSE,FALSE
b0547,FALSE,TRUE,TRUE
b0548,FALSE,FALSE,TRUE
b0549,TRUE,FALSE,TRUE
b0550,TRUE,FALSE,TRUE
b4509,TRUE,TRUE,TRUE
b0551,TRUE,FALSE,TRUE
b0553,TRUE,FALSE,TRUE
b0553,FALSE,FALSE,TRUE
b0552,FALSE,FALSE,FALSE
b0554,FALSE,FALSE,TRUE
b0555,FALSE,FALSE,TRUE
b0556,TRUE,TRUE,TRUE
b4510,FALSE,FALSE,FALSE
b0557,FALSE,TRUE,TRUE
b0558,TRUE,FALSE,TRUE
b0559,TRUE,FALSE,TRUE
b4589,FALSE,FALSE,TRUE
b0560,FALSE,FALSE,FALSE
b4634,FALSE,FALSE,FALSE
b0561,FALSE,FALSE,TRUE
b0562,FALSE,FALSE,FALSE
b0562,FALSE,FALSE,FALSE
b0563,FALSE,FALSE,TRUE
b0564,TRUE,FALSE,TRUE
b0565,TRUE,FALSE,TRUE
b0566,TRUE,FALSE,TRUE
b0567,TRUE,TRUE,TRUE
b0568,TRUE,FALSE,TRUE
b0569,FALSE,FALSE,TRUE
b0570,FALSE,FALSE,FALSE
b0571,TRUE,FALSE,TRUE
b0572,FALSE,FALSE,FALSE
b0573,TRUE,FALSE,TRUE
b0574,FALSE,FALSE,TRUE
b0575,FALSE,FALSE,TRUE
b0576,TRUE,FALSE,TRUE
b0577,TRUE,FALSE,TRUE
b0578,TRUE,FALSE,TRUE
b0579,FALSE,FALSE,TRUE
b0580,FALSE,FALSE,TRUE
b0581,TRUE,TRUE,TRUE
b4415,FALSE,FALSE,TRUE
b0582,FALSE,FALSE,FALSE
b0583,FALSE,FALSE,TRUE
b0584,TRUE,FALSE,TRUE
b0585,FALSE,FALSE,TRUE
b4511,TRUE,TRUE,TRUE
b0586,TRUE,FALSE,TRUE
b0587,TRUE,FALSE,TRUE
b0588,FALSE,FALSE,TRUE
b0589,FALSE,FALSE,FALSE
b0590,TRUE,FALSE,TRUE
b0591,TRUE,TRUE,TRUE
b0592,TRUE,FALSE,TRUE
b0593,TRUE,FALSE,TRUE
b0594,TRUE,TRUE,TRUE
b0595,TRUE,FALSE,TRUE
b0596,TRUE,FALSE,TRUE
b0597,FALSE,TRUE,TRUE
b0598,TRUE,FALSE,TRUE
b4512,TRUE,FALSE,TRUE
b0599,FALSE,FALSE,TRUE
b0600,TRUE,FALSE,TRUE
b0601,TRUE,TRUE,TRUE
b0602,FALSE,FALSE,TRUE
b0603,TRUE,FALSE,TRUE
b0604,TRUE,FALSE,TRUE
b0605,TRUE,FALSE,TRUE
b0606,TRUE,FALSE,TRUE
b0607,TRUE,FALSE,TRUE
b0608,FALSE,FALSE,TRUE
b0610,TRUE,FALSE,TRUE
b0611,FALSE,FALSE,FALSE
b0612,TRUE,FALSE,TRUE
b0613,TRUE,TRUE,TRUE
b0614,FALSE,FALSE,FALSE
b0615,TRUE,TRUE,TRUE
b0616,FALSE,FALSE,TRUE
b0617,TRUE,FALSE,TRUE
b0618,TRUE,FALSE,TRUE
b0619,TRUE,FALSE,TRUE
b0620,FALSE,FALSE,FALSE
b0621,TRUE,TRUE,TRUE
b0622,FALSE,TRUE,TRUE
b0623,TRUE,FALSE,TRUE
b0624,TRUE,FALSE,TRUE
b4581,TRUE,FALSE,TRUE
b4581,FALSE,FALSE,TRUE
b0627,TRUE,TRUE,TRUE
b0628,TRUE,FALSE,TRUE
b0629,TRUE,FALSE,TRUE
b0630,FALSE,FALSE,TRUE
b0631,TRUE,FALSE,TRUE
b0632,TRUE,FALSE,TRUE
b0633,TRUE,FALSE,TRUE
b0634,FALSE,FALSE,TRUE
b0635,TRUE,FALSE,TRUE
b0636,TRUE,FALSE,TRUE
b0637,FALSE,FALSE,TRUE
b0638,FALSE,TRUE,TRUE
b0639,FALSE,FALSE,TRUE
b0640,FALSE,FALSE,FALSE
b0641,TRUE,FALSE,TRUE
b0642,FALSE,TRUE,TRUE
b0643,TRUE,FALSE,TRUE
b0644,TRUE,FALSE,TRUE
b0645,TRUE,FALSE,TRUE
b0646,TRUE,FALSE,TRUE
b0647,FALSE,FALSE,TRUE
b0648,TRUE,FALSE,TRUE
b0649,TRUE,FALSE,TRUE
b0650,FALSE,FALSE,TRUE
b0651,TRUE,FALSE,TRUE
b0652,FALSE,TRUE,TRUE
b0653,FALSE,FALSE,TRUE
b0654,TRUE,FALSE,TRUE
b0655,TRUE,FALSE,TRUE
b0656,FALSE,FALSE,FALSE
b0657,TRUE,FALSE,TRUE
b0658,FALSE,FALSE,TRUE
b0659,TRUE,FALSE,TRUE
b0660,FALSE,FALSE,TRUE
b0661,TRUE,FALSE,TRUE
b0662,TRUE,FALSE,TRUE
b0674,TRUE,FALSE,TRUE
b0675,TRUE,FALSE,TRUE
b0676,FALSE,FALSE,TRUE
b0677,TRUE,TRUE,TRUE
b0678,TRUE,TRUE,TRUE
b0679,TRUE,FALSE,TRUE
b0680,TRUE,FALSE,TRUE
b0681,TRUE,FALSE,TRUE
b0682,TRUE,FALSE,TRUE
b0683,FALSE,TRUE,TRUE
b4637,FALSE,FALSE,FALSE
b0684,TRUE,FALSE,TRUE
b0685,FALSE,FALSE,TRUE
b0686,FALSE,FALSE,TRUE
b0687,TRUE,TRUE,TRUE
b0688,TRUE,FALSE,TRUE
b0689,TRUE,TRUE,TRUE
b0691,TRUE,FALSE,TRUE
b4636,FALSE,TRUE,TRUE
b0692,TRUE,TRUE,TRUE
b0693,TRUE,FALSE,TRUE
b4590,FALSE,TRUE,TRUE
b0694,TRUE,TRUE,TRUE
b0695,FALSE,FALSE,TRUE
b0696,FALSE,TRUE,TRUE
b0697,TRUE,FALSE,TRUE
b0698,FALSE,FALSE,FALSE
b4513,TRUE,FALSE,TRUE
b0699,TRUE,FALSE,TRUE
b0700,TRUE,TRUE,TRUE
b0702,TRUE,FALSE,TRUE
b0703,FALSE,FALSE,TRUE
b0704,TRUE,FALSE,TRUE
b4514,FALSE,FALSE,TRUE
b0705,FALSE,FALSE,TRUE
b0706,FALSE,FALSE,TRUE
b0707,TRUE,FALSE,TRUE
b0708,TRUE,FALSE,TRUE
b0709,FALSE,FALSE,TRUE
b0710,TRUE,FALSE,TRUE
b0711,TRUE,FALSE,TRUE
b0712,TRUE,TRUE,TRUE
b0713,TRUE,FALSE,TRUE
b0714,TRUE,FALSE,TRUE
b0715,FALSE,FALSE,TRUE
b0716,TRUE,FALSE,TRUE
b0717,TRUE,FALSE,TRUE
b0718,TRUE,FALSE,TRUE
b0719,TRUE,FALSE,TRUE
b0720,TRUE,FALSE,TRUE
b0721,TRUE,FALSE,TRUE
b0722,FALSE,TRUE,TRUE
b0723,TRUE,FALSE,TRUE
b0724,TRUE,TRUE,TRUE
b0726,TRUE,FALSE,TRUE
b0727,TRUE,FALSE,TRUE
b0728,TRUE,FALSE,TRUE
b0729,TRUE,TRUE,TRUE
b0730,TRUE,TRUE,TRUE
b0731,FALSE,TRUE,TRUE
b0732,TRUE,FALSE,TRUE
b0733,TRUE,FALSE,TRUE
b0734,TRUE,FALSE,TRUE
b4515,TRUE,FALSE,TRUE
b0735,FALSE,FALSE,TRUE
b0736,TRUE,TRUE,TRUE
b0737,FALSE,FALSE,TRUE
b0738,TRUE,FALSE,TRUE
b0739,TRUE,FALSE,TRUE
b0740,TRUE,FALSE,TRUE
b0741,TRUE,FALSE,TRUE
b0742,TRUE,TRUE,TRUE
b0750,TRUE,FALSE,TRUE
b0751,TRUE,FALSE,TRUE
b0752,TRUE,FALSE,TRUE
b0753,TRUE,FALSE,TRUE
b0754,TRUE,FALSE,TRUE
b0755,TRUE,TRUE,TRUE
b0756,TRUE,FALSE,TRUE
b0757,TRUE,TRUE,TRUE
b0758,TRUE,FALSE,TRUE
b0759,TRUE,TRUE,TRUE
b0760,TRUE,FALSE,TRUE
b0761,FALSE,FALSE,TRUE
b0762,TRUE,TRUE,TRUE
b0763,TRUE,FALSE,TRUE
b0764,FALSE,FALSE,FALSE
b0765,FALSE,FALSE,FALSE
b0766,TRUE,FALSE,TRUE
b0767,TRUE,TRUE,TRUE
b0768,TRUE,TRUE,TRUE
b0769,FALSE,FALSE,TRUE
b0770,TRUE,FALSE,TRUE
b0771,TRUE,FALSE,TRUE
b0772,TRUE,FALSE,TRUE
b0773,TRUE,FALSE,TRUE
b0774,FALSE,FALSE,TRUE
b0775,TRUE,FALSE,TRUE
b0776,FALSE,FALSE,FALSE
b0777,FALSE,FALSE,FALSE
b0778,TRUE,TRUE,TRUE
b0779,TRUE,FALSE,TRUE
b0780,FALSE,FALSE,TRUE
b0781,TRUE,FALSE,TRUE
b0782,TRUE,TRUE,TRUE
b0783,TRUE,FALSE,TRUE
b0784,TRUE,TRUE,TRUE
b0785,FALSE,FALSE,TRUE
b0786,TRUE,FALSE,TRUE
b0787,TRUE,FALSE,TRUE
b0788,FALSE,FALSE,TRUE
b0789,TRUE,TRUE,TRUE
b0790,FALSE,TRUE,TRUE
b0791,TRUE,FALSE,TRUE
b0792,TRUE,TRUE,TRUE
b0793,TRUE,FALSE,TRUE
b0794,FALSE,TRUE,TRUE
b0795,TRUE,FALSE,TRUE
b0796,FALSE,FALSE,TRUE
b0797,FALSE,FALSE,FALSE
b0798,FALSE,TRUE,TRUE
b0799,FALSE,FALSE,FALSE
b0800,TRUE,FALSE,TRUE
b0801,TRUE,FALSE,TRUE
b0802,TRUE,FALSE,TRUE
b0803,TRUE,FALSE,TRUE
b0804,FALSE,TRUE,TRUE
b0805,TRUE,FALSE,TRUE
b0806,FALSE,FALSE,TRUE
b0807,FALSE,FALSE,TRUE
b0808,TRUE,TRUE,TRUE
b0809,FALSE,FALSE,TRUE
b0810,TRUE,FALSE,TRUE
b0811,TRUE,FALSE,TRUE
b0812,TRUE,TRUE,TRUE
b0813,TRUE,FALSE,TRUE
b0814,TRUE,FALSE,TRUE
b0815,FALSE,FALSE,TRUE
b4705,TRUE,FALSE,TRUE
b0817,TRUE,TRUE,TRUE
b0818,FALSE,FALSE,FALSE
b0819,FALSE,FALSE,TRUE
b0820,TRUE,FALSE,TRUE
b0821,TRUE,FALSE,TRUE
b0822,TRUE,FALSE,TRUE
b0823,TRUE,FALSE,TRUE
b0824,TRUE,FALSE,TRUE
b0825,TRUE,FALSE,TRUE
b0826,FALSE,FALSE,TRUE
b0827,TRUE,FALSE,TRUE
b0828,FALSE,TRUE,TRUE
b0829,FALSE,FALSE,TRUE
b0830,TRUE,FALSE,TRUE
b0831,TRUE,FALSE,TRUE
b0832,TRUE,TRUE,TRUE
b0833,TRUE,FALSE,TRUE
b0834,TRUE,FALSE,TRUE
b0835,TRUE,FALSE,TRUE
b0836,TRUE,TRUE,TRUE
b0837,TRUE,FALSE,TRUE
b0838,TRUE,TRUE,TRUE
b0839,FALSE,FALSE,TRUE
b0840,TRUE,FALSE,TRUE
b0841,TRUE,TRUE,TRUE
b0842,TRUE,FALSE,TRUE
b0843,TRUE,FALSE,TRUE
b0844,TRUE,TRUE,TRUE
b0845,FALSE,TRUE,TRUE
b0846,TRUE,TRUE,TRUE
b0847,FALSE,TRUE,TRUE
b0848,TRUE,FALSE,TRUE
b0849,TRUE,FALSE,TRUE
b0850,TRUE,FALSE,TRUE
b0851,TRUE,FALSE,TRUE
b0852,TRUE,FALSE,TRUE
b0853,TRUE,TRUE,TRUE
b0854,FALSE,TRUE,TRUE
b0855,TRUE,FALSE,TRUE
b0856,TRUE,FALSE,TRUE
b0857,TRUE,FALSE,TRUE
b0858,FALSE,TRUE,TRUE
b0859,FALSE,FALSE,TRUE
b0860,TRUE,FALSE,TRUE
b0861,FALSE,FALSE,TRUE
b0862,TRUE,FALSE,TRUE
b0863,TRUE,FALSE,TRUE
b0864,FALSE,TRUE,TRUE
b0865,TRUE,TRUE,TRUE
b0866,TRUE,TRUE,TRUE
b0867,FALSE,FALSE,TRUE
b0868,TRUE,TRUE,TRUE
b0869,FALSE,FALSE,FALSE
b0870,TRUE,FALSE,TRUE
b0871,TRUE,FALSE,TRUE
b0872,TRUE,FALSE,TRUE
b0873,TRUE,FALSE,TRUE
b0874,TRUE,FALSE,TRUE
b0875,TRUE,FALSE,TRUE
b0876,TRUE,TRUE,TRUE
b0877,FALSE,TRUE,TRUE
b0878,TRUE,TRUE,TRUE
b0879,FALSE,FALSE,TRUE
b0880,TRUE,FALSE,TRUE
b0881,TRUE,TRUE,TRUE
b0882,TRUE,TRUE,TRUE
b0884,TRUE,FALSE,TRUE
b0885,TRUE,FALSE,TRUE
b0886,TRUE,FALSE,TRUE
b0887,TRUE,FALSE,TRUE
b0888,TRUE,FALSE,TRUE
b0889,TRUE,FALSE,TRUE
b0890,FALSE,FALSE,TRUE
b0891,TRUE,TRUE,TRUE
b0892,TRUE,FALSE,TRUE
b0893,TRUE,TRUE,TRUE
b0894,TRUE,TRUE,TRUE
b0895,TRUE,FALSE,TRUE
b0896,TRUE,FALSE,TRUE
b0897,TRUE,FALSE,TRUE
b0898,FALSE,FALSE,TRUE
b0899,TRUE,FALSE,TRUE
b0900,TRUE,TRUE,TRUE
b0901,TRUE,TRUE,TRUE
b0902,TRUE,FALSE,TRUE
b0903,TRUE,FALSE,TRUE
b0904,TRUE,FALSE,TRUE
b0905,FALSE,FALSE,TRUE
b0906,TRUE,FALSE,TRUE
b0907,TRUE,TRUE,TRUE
b0908,TRUE,FALSE,TRUE
b0909,TRUE,FALSE,TRUE
b0910,TRUE,FALSE,TRUE
b0911,FALSE,FALSE,TRUE
b0912,TRUE,FALSE,TRUE
b0913,FALSE,FALSE,TRUE
b0914,TRUE,FALSE,TRUE
b0915,FALSE,FALSE,FALSE
b0916,FALSE,FALSE,FALSE
b0917,TRUE,FALSE,TRUE
b0918,FALSE,FALSE,TRUE
b0919,TRUE,FALSE,TRUE
b0920,TRUE,FALSE,TRUE
b0921,TRUE,TRUE,TRUE
b0922,TRUE,FALSE,TRUE
b0923,TRUE,TRUE,TRUE
b0924,TRUE,FALSE,TRUE
b0925,TRUE,FALSE,TRUE
b0926,TRUE,FALSE,TRUE
b0927,TRUE,FALSE,TRUE
b0928,FALSE,TRUE,TRUE
b0929,TRUE,FALSE,TRUE
b0930,TRUE,FALSE,TRUE
b0931,FALSE,FALSE,TRUE
b0932,FALSE,FALSE,TRUE
b0933,TRUE,FALSE,TRUE
b0934,TRUE,FALSE,TRUE
b0935,TRUE,FALSE,TRUE
b0936,FALSE,FALSE,TRUE
b0937,TRUE,TRUE,TRUE
b0938,TRUE,TRUE,TRUE
b0939,TRUE,FALSE,TRUE
b0940,TRUE,FALSE,TRUE
b0941,FALSE,TRUE,TRUE
b0942,TRUE,TRUE,TRUE
b0943,TRUE,FALSE,TRUE
b0944,FALSE,TRUE,TRUE
b0945,FALSE,TRUE,TRUE
b0946,FALSE,FALSE,TRUE
b0947,TRUE,TRUE,TRUE
b0948,TRUE,FALSE,TRUE
b0949,TRUE,FALSE,TRUE
b0950,TRUE,FALSE,TRUE
b0951,TRUE,TRUE,TRUE
b0952,TRUE,FALSE,TRUE
b0953,TRUE,FALSE,TRUE
b0954,TRUE,FALSE,TRUE
b0955,TRUE,TRUE,TRUE
b0956,TRUE,TRUE,TRUE
b0957,TRUE,FALSE,TRUE
b0958,TRUE,FALSE,TRUE
b0959,FALSE,FALSE,TRUE
b0960,FALSE,FALSE,TRUE
b0961,TRUE,FALSE,TRUE
b0962,TRUE,FALSE,TRUE
b0963,TRUE,TRUE,TRUE
b0964,FALSE,FALSE,TRUE
b0965,TRUE,FALSE,TRUE
b0966,TRUE,TRUE,TRUE
b0967,TRUE,TRUE,TRUE
b0968,TRUE,FALSE,TRUE
b0969,TRUE,FALSE,TRUE
b0970,TRUE,FALSE,TRUE
b0972,TRUE,FALSE,TRUE
b0973,TRUE,TRUE,TRUE
b0974,TRUE,FALSE,TRUE
b0975,TRUE,FALSE,TRUE
b0976,TRUE,FALSE,TRUE
b0977,FALSE,FALSE,TRUE
b0978,TRUE,FALSE,TRUE
b0979,TRUE,FALSE,TRUE
b4592,TRUE,FALSE,TRUE
b0980,FALSE,TRUE,TRUE
b0981,FALSE,TRUE,TRUE
b0982,FALSE,TRUE,TRUE
b0983,TRUE,FALSE,TRUE
b0984,TRUE,FALSE,TRUE
b0985,FALSE,FALSE,TRUE
b0986,FALSE,FALSE,FALSE
b0987,TRUE,FALSE,TRUE
b4516,FALSE,FALSE,FALSE
b0988,FALSE,FALSE,FALSE
b0989,FALSE,FALSE,TRUE
b0990,TRUE,TRUE,TRUE
b0991,FALSE,FALSE,TRUE
b4517,TRUE,FALSE,TRUE
b0992,TRUE,FALSE,TRUE
b0993,FALSE,FALSE,TRUE
b0994,FALSE,FALSE,TRUE
b0995,TRUE,FALSE,TRUE
b0996,TRUE,FALSE,TRUE
b0997,TRUE,FALSE,TRUE
b0998,FALSE,FALSE,FALSE
b0999,TRUE,FALSE,TRUE
b1000,TRUE,FALSE,TRUE
b1001,FALSE,TRUE,TRUE
b1002,TRUE,FALSE,TRUE
b1003,TRUE,FALSE,TRUE
b1004,TRUE,FALSE,TRUE
b4518,TRUE,FALSE,TRUE
b1006,TRUE,FALSE,TRUE
b1007,TRUE,FALSE,TRUE
b1008,TRUE,TRUE,TRUE
b1009,FALSE,FALSE,TRUE
b1010,TRUE,FALSE,TRUE
b1011,FALSE,FALSE,TRUE
b1012,FALSE,TRUE,TRUE
b1013,TRUE,TRUE,TRUE
b1014,TRUE,FALSE,TRUE
b1015,TRUE,FALSE,TRUE
b4490,FALSE,FALSE,TRUE
b4490,FALSE,FALSE,TRUE
b1018,TRUE,FALSE,TRUE
b1019,TRUE,TRUE,TRUE
b1020,TRUE,TRUE,TRUE
b1021,TRUE,TRUE,TRUE
b1022,TRUE,TRUE,TRUE
b1023,TRUE,FALSE,TRUE
b1024,TRUE,FALSE,TRUE
b1025,TRUE,FALSE,TRUE
b1026,FALSE,FALSE,FALSE
b1027,FALSE,FALSE,FALSE
b1028,FALSE,FALSE,TRUE
b1029,TRUE,TRUE,TRUE
b1033,TRUE,FALSE,TRUE
b1034,FALSE,TRUE,TRUE
b1035,TRUE,FALSE,TRUE
b1036,FALSE,FALSE,FALSE
b1037,TRUE,FALSE,TRUE
b1038,TRUE,FALSE,TRUE
b1039,FALSE,FALSE,TRUE
b1040,FALSE,FALSE,TRUE
b1041,TRUE,TRUE,TRUE
b1042,TRUE,TRUE,TRUE
b1043,TRUE,FALSE,TRUE
b1044,FALSE,TRUE,TRUE
b1045,TRUE,FALSE,TRUE
b1046,FALSE,TRUE,TRUE
b1047,TRUE,TRUE,TRUE
b1048,TRUE,FALSE,TRUE
b1049,TRUE,FALSE,TRUE
b1050,TRUE,FALSE,TRUE
b1051,TRUE,FALSE,TRUE
b1053,FALSE,FALSE,FALSE
b1054,TRUE,TRUE,TRUE
b1055,FALSE,FALSE,FALSE
b1056,TRUE,FALSE,TRUE
b1057,FALSE,FALSE,TRUE
b1058,FALSE,TRUE,TRUE
b1059,TRUE,FALSE,TRUE
b1060,TRUE,TRUE,TRUE
b1061,TRUE,FALSE,TRUE
b1062,TRUE,FALSE,TRUE
b1063,TRUE,FALSE,TRUE
b1064,TRUE,FALSE,TRUE
b1065,TRUE,TRUE,TRUE
b1066,TRUE,FALSE,TRUE
b1067,FALSE,FALSE,TRUE
b1068,TRUE,FALSE,TRUE
b1069,TRUE,FALSE,TRUE
b1070,FALSE,FALSE,TRUE
b1071,TRUE,FALSE,TRUE
b1072,TRUE,FALSE,TRUE
b1073,TRUE,FALSE,TRUE
b1074,TRUE,FALSE,TRUE
b1075,TRUE,FALSE,TRUE
b1076,TRUE,FALSE,TRUE
b1077,TRUE,TRUE,TRUE
b1078,TRUE,TRUE,TRUE
b1079,FALSE,FALSE,TRUE
b1080,TRUE,FALSE,TRUE
b1081,TRUE,TRUE,TRUE
b1082,TRUE,FALSE,TRUE
b1083,TRUE,FALSE,TRUE
b1084,TRUE,FALSE,TRUE
b1085,FALSE,FALSE,TRUE
b1086,FALSE,FALSE,TRUE
b1087,FALSE,FALSE,TRUE
b1088,FALSE,FALSE,TRUE
b1089,TRUE,FALSE,TRUE
b1090,FALSE,FALSE,TRUE
b1091,TRUE,TRUE,TRUE
b1092,TRUE,FALSE,TRUE
b1093,TRUE,FALSE,TRUE
b1094,TRUE,FALSE,TRUE
b1095,TRUE,FALSE,TRUE
b1096,TRUE,FALSE,TRUE
b1097,FALSE,TRUE,TRUE
b1098,TRUE,TRUE,TRUE
b1099,FALSE,FALSE,TRUE
b1100,TRUE,TRUE,TRUE
b1101,TRUE,FALSE,TRUE
b1102,FALSE,TRUE,TRUE
b1103,TRUE,FALSE,TRUE
b1104,TRUE,FALSE,TRUE
b1105,TRUE,TRUE,TRUE
b1106,FALSE,FALSE,TRUE
b1107,TRUE,FALSE,TRUE
b1108,TRUE,TRUE,TRUE
b1109,TRUE,FALSE,TRUE
b1110,TRUE,TRUE,TRUE
b1111,FALSE,FALSE,TRUE
b1112,TRUE,FALSE,TRUE
b1113,TRUE,FALSE,TRUE
b1114,FALSE,FALSE,TRUE
b1115,TRUE,FALSE,TRUE
b1116,FALSE,FALSE,TRUE
b1117,TRUE,FALSE,TRUE
b1118,FALSE,FALSE,TRUE
b1119,TRUE,FALSE,TRUE
b1120,TRUE,FALSE,TRUE
b1121,TRUE,TRUE,TRUE
b1122,TRUE,FALSE,TRUE
b1123,TRUE,FALSE,TRUE
b1124,TRUE,FALSE,TRUE
b1125,FALSE,FALSE,FALSE
b1126,FALSE,TRUE,TRUE
b1127,TRUE,TRUE,TRUE
b1128,TRUE,FALSE,TRUE
b1129,FALSE,FALSE,FALSE
b1130,TRUE,FALSE,TRUE
b1131,TRUE,FALSE,TRUE
b1132,TRUE,FALSE,TRUE
b1133,TRUE,FALSE,TRUE
b1134,TRUE,FALSE,TRUE
b1135,FALSE,TRUE,TRUE
b1136,TRUE,FALSE,TRUE
b1137,FALSE,TRUE,TRUE
b1138,TRUE,FALSE,TRUE
b1139,TRUE,FALSE,TRUE
b1140,FALSE,TRUE,TRUE
b1141,TRUE,TRUE,TRUE
b1143,TRUE,FALSE,TRUE
b1144,TRUE,FALSE,TRUE
b1145,FALSE,FALSE,TRUE
b1146,TRUE,FALSE,TRUE
b1147,TRUE,FALSE,TRUE
b1148,TRUE,FALSE,TRUE
b4692,TRUE,FALSE,TRUE
b4693,FALSE,FALSE,TRUE
b1150,TRUE,TRUE,TRUE
b1151,TRUE,FALSE,TRUE
b1152,FALSE,FALSE,FALSE
b1153,FALSE,FALSE,TRUE
b1154,TRUE,FALSE,TRUE
b1155,TRUE,FALSE,TRUE
b1156,TRUE,FALSE,TRUE
b1157,FALSE,TRUE,TRUE
b1158,TRUE,TRUE,TRUE
b1159,FALSE,TRUE,TRUE
b4519,FALSE,TRUE,TRUE
b1160,TRUE,TRUE,TRUE
b1161,TRUE,FALSE,TRUE
b1162,FALSE,TRUE,TRUE
b1163,FALSE,FALSE,FALSE
b1164,TRUE,FALSE,TRUE
b1165,TRUE,TRUE,TRUE
b1166,TRUE,FALSE,TRUE
b1167,TRUE,TRUE,TRUE
b1168,FALSE,FALSE,TRUE
b4520,TRUE,TRUE,TRUE
b4491,FALSE,FALSE,TRUE
b4491,FALSE,FALSE,TRUE
b1171,TRUE,FALSE,TRUE
b1172,TRUE,FALSE,TRUE
b4593,TRUE,TRUE,TRUE
b4594,TRUE,TRUE,TRUE
b4521,FALSE,FALSE,TRUE
b4521,FALSE,FALSE,TRUE
b1174,TRUE,FALSE,TRUE
b1175,TRUE,FALSE,TRUE
b1176,TRUE,TRUE,TRUE
b1177,TRUE,FALSE,TRUE
b1178,TRUE,FALSE,TRUE
b1179,TRUE,TRUE,TRUE
b1180,TRUE,FALSE,TRUE
b1181,TRUE,TRUE,TRUE
b1182,TRUE,FALSE,TRUE
b1183,TRUE,TRUE,TRUE
b1184,FALSE,TRUE,TRUE
b1185,TRUE,TRUE,TRUE
b1186,TRUE,TRUE,TRUE
b1187,TRUE,FALSE,TRUE
b1188,FALSE,TRUE,TRUE
b1189,TRUE,FALSE,TRUE
b1190,TRUE,FALSE,TRUE
b1191,TRUE,FALSE,TRUE
b1192,TRUE,FALSE,TRUE
b1193,TRUE,FALSE,TRUE
b1194,TRUE,TRUE,TRUE
b1195,TRUE,FALSE,TRUE
b1196,FALSE,FALSE,TRUE
b1197,TRUE,FALSE,TRUE
b1198,TRUE,TRUE,TRUE
b1199,TRUE,FALSE,TRUE
b1200,TRUE,FALSE,TRUE
b1201,TRUE,FALSE,TRUE
b1202,TRUE,TRUE,TRUE
b1203,TRUE,FALSE,TRUE
b1204,TRUE,FALSE,TRUE
b1205,TRUE,FALSE,TRUE
b1206,TRUE,TRUE,TRUE
b1207,FALSE,FALSE,TRUE
b1208,TRUE,TRUE,TRUE
b1209,FALSE,FALSE,TRUE
b1210,TRUE,FALSE,TRUE
b1211,TRUE,FALSE,TRUE
b1212,TRUE,TRUE,TRUE
b1213,FALSE,TRUE,TRUE
b1214,TRUE,TRUE,TRUE
b1215,TRUE,FALSE,TRUE
b4419,FALSE,FALSE,FALSE
b4421,FALSE,FALSE,FALSE
b4423,FALSE,FALSE,FALSE
b1216,TRUE,TRUE,TRUE
b1217,TRUE,FALSE,TRUE
b1218,TRUE,TRUE,TRUE
b1219,TRUE,FALSE,TRUE
b1220,FALSE,FALSE,FALSE
b1221,TRUE,FALSE,TRUE
b1222,TRUE,FALSE,TRUE
b1223,FALSE,TRUE,TRUE
b1224,TRUE,TRUE,TRUE
b1225,TRUE,FALSE,TRUE
b1226,FALSE,FALSE,TRUE
b1227,TRUE,FALSE,TRUE
b1229,FALSE,FALSE,FALSE
b1232,TRUE,TRUE,TRUE
b1233,TRUE,FALSE,TRUE
b1234,TRUE,TRUE,TRUE
b1235,TRUE,FALSE,TRUE
b1236,TRUE,TRUE,TRUE
b1237,TRUE,FALSE,TRUE
b1238,TRUE,FALSE,TRUE
b4573,FALSE,FALSE,TRUE
b4573,FALSE,FALSE,TRUE
b4573,FALSE,FALSE,TRUE
b1241,TRUE,FALSE,TRUE
b1242,TRUE,FALSE,TRUE
b1243,TRUE,TRUE,TRUE
b1244,TRUE,FALSE,TRUE
b1245,TRUE,FALSE,TRUE
b1246,TRUE,FALSE,TRUE
b1247,TRUE,FALSE,TRUE
b1248,TRUE,FALSE,TRUE
b1249,TRUE,TRUE,TRUE
b4595,TRUE,FALSE,TRUE
b1250,TRUE,FALSE,TRUE
b1251,TRUE,TRUE,TRUE
b1252,FALSE,FALSE,TRUE
b1253,FALSE,FALSE,TRUE
b1254,TRUE,FALSE,TRUE
b1255,TRUE,FALSE,TRUE
b1256,TRUE,FALSE,TRUE
b1257,TRUE,FALSE,TRUE
b1258,TRUE,TRUE,TRUE
b1259,TRUE,FALSE,TRUE
b1260,TRUE,FALSE,TRUE
b1261,TRUE,FALSE,TRUE
b1262,FALSE,FALSE,TRUE
b1263,TRUE,FALSE,TRUE
b1264,TRUE,FALSE,TRUE
b1265,TRUE,FALSE,TRUE
b1266,TRUE,TRUE,TRUE
b1267,TRUE,FALSE,TRUE
b1268,TRUE,FALSE,TRUE
b1269,TRUE,TRUE,TRUE
b1270,TRUE,FALSE,TRUE
b1271,TRUE,FALSE,TRUE
b1272,TRUE,TRUE,TRUE
b1273,TRUE,FALSE,TRUE
b1274,TRUE,FALSE,TRUE
b1275,TRUE,FALSE,TRUE
b4522,FALSE,TRUE,TRUE
b4523,FALSE,TRUE,TRUE
b1276,TRUE,FALSE,TRUE
b1277,TRUE,FALSE,TRUE
b1278,TRUE,FALSE,TRUE
b1279,TRUE,FALSE,TRUE
b1280,FALSE,FALSE,TRUE
b1281,TRUE,FALSE,TRUE
b1282,TRUE,FALSE,TRUE
b1283,TRUE,FALSE,TRUE
b1284,TRUE,FALSE,TRUE
b4596,FALSE,FALSE,FALSE
b1285,TRUE,TRUE,TRUE
b4672,FALSE,FALSE,TRUE
b1286,FALSE,FALSE,TRUE
b1287,FALSE,FALSE,TRUE
b1288,TRUE,TRUE,TRUE
b1289,FALSE,FALSE,TRUE
b1290,TRUE,FALSE,TRUE
b1291,FALSE,FALSE,FALSE
b1292,TRUE,FALSE,TRUE
b1293,FALSE,FALSE,FALSE
b1294,FALSE,FALSE,TRUE
b1295,FALSE,TRUE,TRUE
b1296,TRUE,TRUE,TRUE
b1297,TRUE,TRUE,TRUE
b1298,TRUE,TRUE,TRUE
b1299,TRUE,TRUE,TRUE
b1300,TRUE,FALSE,TRUE
b1301,TRUE,FALSE,TRUE
b1302,TRUE,FALSE,TRUE
b1303,TRUE,FALSE,TRUE
b1304,TRUE,FALSE,TRUE
b1305,TRUE,FALSE,TRUE
b1306,TRUE,FALSE,TRUE
b1307,TRUE,TRUE,TRUE
b1308,TRUE,FALSE,TRUE
b1309,FALSE,TRUE,TRUE
b1310,TRUE,TRUE,TRUE
b1311,TRUE,TRUE,TRUE
b1312,TRUE,FALSE,TRUE
b1313,TRUE,FALSE,TRUE
b1314,TRUE,FALSE,TRUE
b1315,FALSE,FALSE,FALSE
b1316,TRUE,TRUE,TRUE
b1317,TRUE,TRUE,TRUE
b4524,TRUE,TRUE,TRUE
b4524,FALSE,TRUE,TRUE
b1319,TRUE,FALSE,TRUE
b1320,FALSE,FALSE,FALSE
b1321,FALSE,FALSE,TRUE
b1322,TRUE,TRUE,TRUE
b1323,TRUE,FALSE,TRUE
b1324,TRUE,FALSE,TRUE
b1325,TRUE,FALSE,TRUE
b1326,FALSE,FALSE,TRUE
b4525,FALSE,FALSE,TRUE
b4673,TRUE,FALSE,TRUE
b1327,TRUE,FALSE,TRUE
b1328,TRUE,FALSE,TRUE
b1329,TRUE,FALSE,TRUE
b1330,TRUE,FALSE,TRUE
b1331,FALSE,FALSE,FALSE
b1332,TRUE,FALSE,TRUE
b1333,TRUE,FALSE,TRUE
b1334,TRUE,FALSE,TRUE
b1335,TRUE,FALSE,TRUE
b1336,TRUE,TRUE,TRUE
b1337,TRUE,FALSE,TRUE
b1338,TRUE,FALSE,TRUE
b1339,TRUE,FALSE,TRUE
b1340,TRUE,FALSE,TRUE
b1341,TRUE,FALSE,TRUE
b1342,TRUE,TRUE,TRUE
b1343,FALSE,FALSE,TRUE
b1344,TRUE,FALSE,TRUE
b1345,FALSE,TRUE,TRUE
b1346,FALSE,FALSE,TRUE
b1347,TRUE,FALSE,TRUE
b1348,TRUE,TRUE,TRUE
b1349,TRUE,TRUE,TRUE
b1350,TRUE,FALSE,TRUE
b1351,TRUE,FALSE,TRUE
b4526,FALSE,TRUE,TRUE
b1352,TRUE,FALSE,TRUE
b1353,FALSE,FALSE,TRUE
b4527,TRUE,FALSE,TRUE
b1355,TRUE,FALSE,TRUE
b1356,TRUE,TRUE,TRUE
b1357,TRUE,TRUE,TRUE
b1358,TRUE,FALSE,TRUE
b1359,FALSE,FALSE,TRUE
b1360,TRUE,FALSE,TRUE
b1361,FALSE,TRUE,TRUE
b1362,FALSE,FALSE,FALSE
b4528,FALSE,FALSE,FALSE
b1363,FALSE,FALSE,TRUE
b1365,FALSE,TRUE,TRUE
b1366,FALSE,FALSE,TRUE
b1368,FALSE,TRUE,TRUE
b4570,FALSE,TRUE,TRUE
b4570,FALSE,TRUE,TRUE
b1370,FALSE,TRUE,TRUE
b1372,FALSE,FALSE,TRUE
b1373,FALSE,FALSE,FALSE
b1374,FALSE,FALSE,FALSE
b1375,FALSE,FALSE,TRUE
b4638,TRUE,FALSE,TRUE
b1376,TRUE,FALSE,TRUE
b1377,TRUE,FALSE,TRUE
b1378,TRUE,FALSE,TRUE
b4529,TRUE,FALSE,TRUE
b1379,TRUE,FALSE,TRUE
b1380,FALSE,FALSE,TRUE
b1381,FALSE,FALSE,FALSE
b1382,TRUE,FALSE,TRUE
b1383,TRUE,TRUE,TRUE
b1384,TRUE,FALSE,TRUE
b1385,TRUE,TRUE,TRUE
b1386,TRUE,FALSE,TRUE
b1387,TRUE,FALSE,TRUE
b1388,TRUE,TRUE,TRUE
b1389,TRUE,TRUE,TRUE
b1390,TRUE,FALSE,TRUE
b1391,FALSE,TRUE,TRUE
b1392,TRUE,FALSE,TRUE
b1393,FALSE,FALSE,TRUE
b1394,TRUE,FALSE,TRUE
b1395,TRUE,FALSE,TRUE
b1396,TRUE,FALSE,TRUE
b1397,FALSE,TRUE,TRUE
b1398,FALSE,FALSE,TRUE
b1399,TRUE,FALSE,TRUE
b1400,TRUE,TRUE,TRUE
b4674,TRUE,TRUE,TRUE
b4492,TRUE,TRUE,TRUE
b4492,FALSE,TRUE,TRUE
b4492,FALSE,TRUE,TRUE
b1402,FALSE,FALSE,FALSE
b1403,FALSE,FALSE,FALSE
b1404,FALSE,FALSE,FALSE
b1406,TRUE,FALSE,TRUE
b1407,TRUE,FALSE,TRUE
b1408,FALSE,FALSE,TRUE
b1409,FALSE,TRUE,TRUE
b1410,TRUE,FALSE,TRUE
b1411,FALSE,FALSE,TRUE
b1412,TRUE,FALSE,TRUE
b1413,FALSE,TRUE,TRUE
b1414,TRUE,FALSE,TRUE
b1415,TRUE,FALSE,TRUE
b4493,TRUE,FALSE,TRUE
b4493,FALSE,FALSE,TRUE
b1418,TRUE,FALSE,TRUE
b1419,TRUE,FALSE,TRUE
b4428,FALSE,FALSE,TRUE
b1420,TRUE,FALSE,TRUE
b1421,TRUE,TRUE,TRUE
b1422,TRUE,FALSE,TRUE
b1423,TRUE,FALSE,TRUE
b1424,TRUE,FALSE,TRUE
b1426,TRUE,FALSE,TRUE
b1427,TRUE,FALSE,TRUE
b1428,TRUE,TRUE,TRUE
b1429,TRUE,FALSE,TRUE
b1430,TRUE,FALSE,TRUE
b1431,TRUE,FALSE,TRUE
b4578,FALSE,TRUE,TRUE
b1432,TRUE,FALSE,TRUE
b1433,FALSE,FALSE,TRUE
b1434,TRUE,TRUE,TRUE
b1435,FALSE,FALSE,TRUE
b1436,TRUE,FALSE,TRUE
b4532,FALSE,FALSE,TRUE
b1438,FALSE,FALSE,TRUE
b1439,TRUE,FALSE,TRUE
b1440,TRUE,FALSE,TRUE
b1441,FALSE,FALSE,FALSE
b1442,TRUE,TRUE,TRUE
b1443,FALSE,FALSE,TRUE
b1444,TRUE,FALSE,TRUE
b4598,TRUE,TRUE,TRUE
b1445,FALSE,TRUE,TRUE
b1446,TRUE,FALSE,TRUE
b1447,FALSE,TRUE,TRUE
b1448,TRUE,FALSE,TRUE
b1449,TRUE,FALSE,TRUE
b1450,TRUE,TRUE,TRUE
b1451,TRUE,FALSE,TRUE
b1452,TRUE,FALSE,TRUE
b1453,TRUE,FALSE,TRUE
b1454,TRUE,FALSE,TRUE
b1455,FALSE,TRUE,TRUE
b1456,FALSE,FALSE,TRUE
b1457,TRUE,FALSE,TRUE
b1459,TRUE,TRUE,TRUE
b1459,FALSE,TRUE,TRUE
b1460,FALSE,FALSE,TRUE
b1461,TRUE,FALSE,TRUE
b1462,TRUE,FALSE,TRUE
b1463,TRUE,FALSE,TRUE
b1464,FALSE,TRUE,TRUE
b1465,TRUE,FALSE,TRUE
b1466,TRUE,FALSE,TRUE
b1467,TRUE,TRUE,TRUE
b1468,TRUE,TRUE,TRUE
b1469,TRUE,FALSE,TRUE
b1471,FALSE,TRUE,TRUE
b1471,FALSE,TRUE,TRUE
b1472,TRUE,TRUE,TRUE
b1473,TRUE,FALSE,TRUE
b1474,TRUE,FALSE,TRUE
b1475,FALSE,FALSE,TRUE
b1476,FALSE,FALSE,TRUE
b1477,TRUE,FALSE,TRUE
b1478,TRUE,FALSE,TRUE
b1479,TRUE,FALSE,TRUE
b1480,TRUE,TRUE,TRUE
b1481,TRUE,FALSE,TRUE
b1482,TRUE,FALSE,TRUE
b1483,FALSE,TRUE,TRUE
b1484,TRUE,FALSE,TRUE
b1485,TRUE,TRUE,TRUE
b1486,TRUE,TRUE,TRUE
b1487,TRUE,FALSE,TRUE
b1488,TRUE,FALSE,TRUE
b1489,TRUE,FALSE,TRUE
b1490,TRUE,FALSE,TRUE
b1491,FALSE,TRUE,TRUE
b1492,TRUE,FALSE,TRUE
b1493,TRUE,FALSE,TRUE
b1494,TRUE,TRUE,TRUE
b1495,TRUE,FALSE,TRUE
b1496,FALSE,TRUE,TRUE
b1497,FALSE,FALSE,TRUE
b1498,TRUE,FALSE,TRUE
b1499,TRUE,FALSE,TRUE
b1500,FALSE,FALSE,FALSE
b1501,TRUE,FALSE,TRUE
b1502,FALSE,TRUE,TRUE
b1503,FALSE,TRUE,TRUE
b1504,TRUE,FALSE,TRUE
b1505,FALSE,TRUE,TRUE
b1506,TRUE,TRUE,TRUE
b1506,FALSE,TRUE,TRUE
b1507,FALSE,FALSE,TRUE
b1508,TRUE,FALSE,TRUE
b4696,FALSE,TRUE,TRUE
b4696,FALSE,TRUE,TRUE
b1511,TRUE,FALSE,TRUE
b1512,TRUE,TRUE,TRUE
b1513,FALSE,FALSE,TRUE
b1514,TRUE,FALSE,TRUE
b1515,TRUE,FALSE,TRUE
b1516,TRUE,FALSE,TRUE
b1517,TRUE,TRUE,TRUE
b1518,TRUE,FALSE,TRUE
b1519,TRUE,FALSE,TRUE
b1520,TRUE,FALSE,TRUE
b1521,TRUE,FALSE,TRUE
b1522,FALSE,FALSE,TRUE
b1523,TRUE,FALSE,TRUE
b1524,TRUE,TRUE,TRUE
b1525,TRUE,FALSE,TRUE
b1526,TRUE,FALSE,TRUE
b1527,FALSE,TRUE,TRUE
b1528,FALSE,FALSE,FALSE
b1529,TRUE,FALSE,TRUE
b1530,TRUE,FALSE,TRUE
b1531,TRUE,FALSE,TRUE
b1532,FALSE,FALSE,TRUE
b1533,TRUE,FALSE,TRUE
b1534,TRUE,FALSE,TRUE
b4599,TRUE,TRUE,TRUE
b1535,TRUE,FALSE,TRUE
b1536,TRUE,FALSE,TRUE
b1537,TRUE,TRUE,TRUE
b1538,TRUE,FALSE,TRUE
b1539,TRUE,FALSE,TRUE
b1540,TRUE,FALSE,TRUE
b1541,TRUE,FALSE,TRUE
b1542,TRUE,FALSE,TRUE
b4600,TRUE,TRUE,TRUE
b4600,FALSE,TRUE,TRUE
b1544,FALSE,FALSE,TRUE
b1545,FALSE,FALSE,FALSE
b1546,FALSE,FALSE,FALSE
b1547,FALSE,FALSE,TRUE
b1548,FALSE,FALSE,FALSE
b4533,FALSE,FALSE,TRUE
b1549,TRUE,FALSE,TRUE
b1550,TRUE,FALSE,TRUE
b1551,FALSE,TRUE,TRUE
b1552,TRUE,FALSE,TRUE
b1553,TRUE,FALSE,TRUE
b4689,TRUE,TRUE,TRUE
b1554,FALSE,TRUE,TRUE
b1555,TRUE,FALSE,TRUE
b1556,TRUE,TRUE,TRUE
b1557,TRUE,FALSE,TRUE
b1558,FALSE,FALSE,TRUE
b1559,TRUE,FALSE,TRUE
b1560,FALSE,TRUE,TRUE
b1561,TRUE,FALSE,TRUE
b1562,TRUE,FALSE,TRUE
b1563,TRUE,TRUE,TRUE
b1564,TRUE,FALSE,TRUE
b1565,FALSE,FALSE,TRUE
b1566,TRUE,FALSE,TRUE
b1567,FALSE,TRUE,TRUE
b1568,FALSE,FALSE,TRUE
b1569,TRUE,FALSE,TRUE
b1570,TRUE,TRUE,TRUE
b1571,TRUE,FALSE,TRUE
b1572,TRUE,FALSE,TRUE
b1573,TRUE,FALSE,TRUE
b1575,TRUE,TRUE,TRUE
b1576,TRUE,TRUE,TRUE
b1577,TRUE,FALSE,TRUE
b1578,FALSE,FALSE,TRUE
b1579,FALSE,TRUE,TRUE
b1580,TRUE,FALSE,TRUE
b1581,TRUE,FALSE,TRUE
b1582,TRUE,FALSE,TRUE
b1583,TRUE,TRUE,TRUE
b1584,TRUE,FALSE,TRUE
b1585,FALSE,TRUE,TRUE
b1586,TRUE,FALSE,TRUE
b1587,TRUE,FALSE,TRUE
b1588,FALSE,FALSE,TRUE
b1589,TRUE,FALSE,TRUE
b1590,TRUE,FALSE,TRUE
b1591,TRUE,FALSE,TRUE
b1592,TRUE,FALSE,TRUE
b1593,TRUE,FALSE,TRUE
b1594,TRUE,FALSE,TRUE
b1595,TRUE,TRUE,TRUE
b1596,TRUE,FALSE,TRUE
b1597,TRUE,FALSE,TRUE
b4601,FALSE,FALSE,TRUE
b1598,TRUE,FALSE,TRUE
b1599,TRUE,FALSE,TRUE
b1600,TRUE,FALSE,TRUE
b1601,TRUE,FALSE,TRUE
b1602,TRUE,FALSE,TRUE
b1603,TRUE,TRUE,TRUE
b1604,TRUE,FALSE,TRUE
b1605,TRUE,FALSE,TRUE
b1606,TRUE,FALSE,TRUE
b1607,TRUE,FALSE,TRUE
b1608,TRUE,TRUE,TRUE
b1609,TRUE,FALSE,TRUE
b1610,TRUE,FALSE,TRUE
b1611,TRUE,FALSE,TRUE
b1612,TRUE,FALSE,TRUE
b1613,TRUE,TRUE,TRUE
b1614,TRUE,FALSE,TRUE
b1615,TRUE,FALSE,TRUE
b1616,TRUE,FALSE,TRUE
b1617,TRUE,TRUE,TRUE
b1618,TRUE,TRUE,TRUE
b1619,TRUE,FALSE,TRUE
b1620,TRUE,TRUE,TRUE
b1621,TRUE,TRUE,TRUE
b1622,TRUE,TRUE,TRUE
b1623,FALSE,FALSE,TRUE
b1624,TRUE,TRUE,TRUE
b4409,TRUE,FALSE,TRUE
b1625,TRUE,FALSE,TRUE
b1626,FALSE,FALSE,TRUE
b1627,TRUE,TRUE,TRUE
b1628,TRUE,FALSE,TRUE
b1629,FALSE,FALSE,FALSE
b1630,TRUE,FALSE,TRUE
b1631,FALSE,FALSE,TRUE
b1632,TRUE,FALSE,TRUE
b1633,TRUE,FALSE,TRUE
b1634,TRUE,FALSE,TRUE
b1635,TRUE,FALSE,TRUE
b1636,FALSE,FALSE,TRUE
b1637,TRUE,FALSE,TRUE
b1638,TRUE,FALSE,TRUE
b1639,TRUE,FALSE,TRUE
b1640,TRUE,FALSE,TRUE
b1641,TRUE,FALSE,TRUE
b1642,TRUE,FALSE,TRUE
b1643,TRUE,FALSE,TRUE
b1644,FALSE,FALSE,TRUE
b1645,FALSE,FALSE,TRUE
b1646,TRUE,FALSE,TRUE
b1647,TRUE,FALSE,TRUE
b1648,TRUE,TRUE,TRUE
b1649,FALSE,TRUE,TRUE
b1650,TRUE,FALSE,TRUE
b1651,TRUE,FALSE,TRUE
b1652,TRUE,FALSE,TRUE
b1653,TRUE,FALSE,TRUE
b1654,TRUE,FALSE,TRUE
b1655,TRUE,FALSE,TRUE
b1656,TRUE,FALSE,TRUE
b1657,TRUE,TRUE,TRUE
b4602,TRUE,FALSE,TRUE
b1658,TRUE,TRUE,TRUE
b1659,TRUE,TRUE,TRUE
b1660,TRUE,FALSE,TRUE
b1661,TRUE,FALSE,TRUE
b1662,TRUE,FALSE,TRUE
b1663,TRUE,TRUE,TRUE
b1664,TRUE,FALSE,TRUE
b1667,TRUE,TRUE,TRUE
b1668,TRUE,FALSE,TRUE
b1669,FALSE,TRUE,TRUE
b1670,TRUE,FALSE,TRUE
b1671,FALSE,TRUE,TRUE
b1672,FALSE,TRUE,TRUE
b1673,TRUE,FALSE,TRUE
b1674,TRUE,FALSE,TRUE
b1675,TRUE,FALSE,TRUE
b1676,TRUE,TRUE,TRUE
b1677,TRUE,FALSE,TRUE
b1678,TRUE,FALSE,TRUE
b1679,TRUE,FALSE,TRUE
b1680,TRUE,FALSE,TRUE
b1681,TRUE,FALSE,TRUE
b1682,TRUE,FALSE,TRUE
b1683,FALSE,FALSE,TRUE
b1684,TRUE,FALSE,TRUE
b1685,TRUE,TRUE,TRUE
b1686,TRUE,FALSE,TRUE
b1687,TRUE,TRUE,TRUE
b1688,TRUE,TRUE,TRUE
b1689,FALSE,FALSE,TRUE
b1690,FALSE,FALSE,TRUE
b1691,TRUE,FALSE,TRUE
b1692,TRUE,FALSE,TRUE
b1693,TRUE,FALSE,TRUE
b1694,TRUE,TRUE,TRUE
b1695,TRUE,FALSE,TRUE
b1696,TRUE,FALSE,TRUE
b1697,TRUE,FALSE,TRUE
b1698,TRUE,TRUE,TRUE
b1699,TRUE,FALSE,TRUE
b1700,FALSE,FALSE,TRUE
b1701,TRUE,FALSE,TRUE
b1702,TRUE,TRUE,TRUE
b1703,TRUE,FALSE,TRUE
b1704,TRUE,FALSE,TRUE
b1705,TRUE,FALSE,TRUE
b1706,TRUE,FALSE,TRUE
b1707,TRUE,FALSE,TRUE
b1708,TRUE,FALSE,TRUE
b1709,TRUE,FALSE,TRUE
b1710,TRUE,FALSE,TRUE
b1711,FALSE,TRUE,TRUE
b1712,TRUE,FALSE,TRUE
b1713,TRUE,TRUE,TRUE
b1714,TRUE,FALSE,TRUE
b1715,FALSE,TRUE,TRUE
b1716,TRUE,FALSE,TRUE
b1717,TRUE,TRUE,TRUE
b1718,TRUE,TRUE,TRUE
b1719,FALSE,FALSE,TRUE
b4494,TRUE,TRUE,TRUE
b4494,FALSE,TRUE,TRUE
b4535,FALSE,FALSE,TRUE
b1722,TRUE,FALSE,TRUE
b1723,TRUE,FALSE,TRUE
b1724,TRUE,FALSE,TRUE
b1725,TRUE,FALSE,TRUE
b1726,TRUE,FALSE,TRUE
b1727,TRUE,FALSE,TRUE
b1728,TRUE,FALSE,TRUE
b1729,TRUE,FALSE,TRUE
b1730,TRUE,FALSE,TRUE
b1731,TRUE,FALSE,TRUE
b1732,TRUE,FALSE,TRUE
b1733,TRUE,FALSE,TRUE
b1734,TRUE,FALSE,TRUE
b1735,TRUE,FALSE,TRUE
b1736,TRUE,FALSE,TRUE
b1737,TRUE,TRUE,TRUE
b1738,TRUE,TRUE,TRUE
b1739,TRUE,FALSE,TRUE
b1740,TRUE,FALSE,TRUE
b1741,FALSE,TRUE,TRUE
b1742,TRUE,FALSE,TRUE
b1743,TRUE,FALSE,TRUE
b1744,FALSE,FALSE,TRUE
b1745,TRUE,FALSE,TRUE
b1746,TRUE,TRUE,TRUE
b1747,FALSE,FALSE,FALSE
b1748,TRUE,FALSE,TRUE
b1749,TRUE,FALSE,TRUE
b1750,TRUE,FALSE,TRUE
b1751,TRUE,FALSE,TRUE
b1752,TRUE,TRUE,TRUE
b1753,FALSE,FALSE,TRUE
b1754,TRUE,FALSE,TRUE
b1755,FALSE,FALSE,TRUE
b1756,FALSE,FALSE,TRUE
b1757,TRUE,FALSE,TRUE
b1758,TRUE,FALSE,TRUE
b1759,TRUE,TRUE,TRUE
b1760,TRUE,FALSE,TRUE
b1761,TRUE,FALSE,TRUE
b1762,TRUE,TRUE,TRUE
b1763,FALSE,TRUE,TRUE
b1764,TRUE,FALSE,TRUE
b1765,TRUE,FALSE,TRUE
b1766,TRUE,TRUE,TRUE
b1767,TRUE,TRUE,TRUE
b1768,TRUE,TRUE,TRUE
b1769,TRUE,TRUE,TRUE
b1770,TRUE,TRUE,TRUE
b1771,TRUE,TRUE,TRUE
b1772,TRUE,TRUE,TRUE
b1773,TRUE,FALSE,TRUE
b1774,TRUE,FALSE,TRUE
b1775,TRUE,FALSE,TRUE
b1776,TRUE,TRUE,TRUE
b1777,TRUE,FALSE,TRUE
b1778,TRUE,TRUE,TRUE
b1779,TRUE,FALSE,TRUE
b1780,TRUE,TRUE,TRUE
b1781,TRUE,FALSE,TRUE
b1782,TRUE,FALSE,TRUE
b1783,TRUE,FALSE,TRUE
b1784,TRUE,TRUE,TRUE
b1785,TRUE,FALSE,TRUE
b1786,TRUE,FALSE,TRUE
b1787,TRUE,FALSE,TRUE
b1788,TRUE,FALSE,TRUE
b1789,TRUE,TRUE,TRUE
b1790,TRUE,TRUE,TRUE
b1791,FALSE,FALSE,TRUE
b1792,TRUE,FALSE,TRUE
b1793,TRUE,FALSE,TRUE
b1794,TRUE,FALSE,TRUE
b4676,TRUE,TRUE,TRUE
b4675,FALSE,TRUE,TRUE
b1795,TRUE,FALSE,TRUE
b1796,TRUE,FALSE,TRUE
b1797,TRUE,TRUE,TRUE
b1798,TRUE,FALSE,TRUE
b1799,TRUE,FALSE,TRUE
b1800,TRUE,FALSE,TRUE
b1801,FALSE,FALSE,TRUE
b1802,TRUE,FALSE,TRUE
b1803,TRUE,FALSE,TRUE
b1804,TRUE,FALSE,TRUE
b1805,TRUE,FALSE,TRUE
b1806,TRUE,FALSE,TRUE
b1807,TRUE,TRUE,TRUE
b1808,FALSE,TRUE,TRUE
b1809,TRUE,FALSE,TRUE
b1810,TRUE,FALSE,TRUE
b1811,TRUE,FALSE,TRUE
b1812,TRUE,FALSE,TRUE
b1813,TRUE,TRUE,TRUE
b1814,TRUE,FALSE,TRUE
b1815,FALSE,FALSE,TRUE
b1816,TRUE,FALSE,TRUE
b1817,TRUE,FALSE,TRUE
b1818,TRUE,FALSE,TRUE
b1819,TRUE,FALSE,TRUE
b1820,TRUE,FALSE,TRUE
b1821,TRUE,FALSE,TRUE
b1822,TRUE,TRUE,TRUE
b1823,TRUE,FALSE,TRUE
b1824,FALSE,FALSE,TRUE
b1825,TRUE,FALSE,TRUE
b1826,TRUE,FALSE,TRUE
b4536,TRUE,FALSE,TRUE
b1827,TRUE,FALSE,TRUE
b1828,FALSE,FALSE,TRUE
b1829,TRUE,FALSE,TRUE
b1830,TRUE,FALSE,TRUE
b1831,TRUE,TRUE,TRUE
b1832,TRUE,FALSE,TRUE
b1833,TRUE,FALSE,TRUE
b1834,TRUE,FALSE,TRUE
b1835,FALSE,FALSE,TRUE
b1836,TRUE,FALSE,TRUE
b1837,FALSE,TRUE,TRUE
b1838,TRUE,FALSE,TRUE
b1839,TRUE,TRUE,TRUE
b1840,FALSE,FALSE,TRUE
b1841,TRUE,FALSE,TRUE
b1842,TRUE,FALSE,TRUE
b1843,TRUE,TRUE,TRUE
b1844,FALSE,TRUE,TRUE
b1845,FALSE,FALSE,TRUE
b1846,TRUE,TRUE,TRUE
b1847,TRUE,FALSE,TRUE
b1848,TRUE,TRUE,TRUE
b1849,TRUE,TRUE,TRUE
b1850,TRUE,TRUE,TRUE
b1851,TRUE,FALSE,TRUE
b1852,TRUE,FALSE,TRUE
b1853,FALSE,FALSE,TRUE
b1854,TRUE,FALSE,TRUE
b1855,TRUE,FALSE,TRUE
b1856,TRUE,TRUE,TRUE
b1857,TRUE,FALSE,TRUE
b1858,FALSE,FALSE,TRUE
b1859,TRUE,TRUE,TRUE
b1860,TRUE,TRUE,TRUE
b1861,TRUE,FALSE,TRUE
b4677,TRUE,FALSE,TRUE
b1862,TRUE,FALSE,TRUE
b1863,TRUE,FALSE,TRUE
b1864,TRUE,FALSE,TRUE
b1865,TRUE,FALSE,TRUE
b1866,TRUE,TRUE,TRUE
b1867,TRUE,FALSE,TRUE
b1868,FALSE,FALSE,TRUE
b1869,TRUE,FALSE,TRUE
b1870,TRUE,FALSE,TRUE
b1871,TRUE,FALSE,TRUE
b1872,TRUE,FALSE,TRUE
b1873,FALSE,FALSE,TRUE
b1874,TRUE,FALSE,TRUE
b1875,TRUE,FALSE,TRUE
b1876,TRUE,FALSE,TRUE
b1877,TRUE,TRUE,TRUE
b1878,FALSE,FALSE,TRUE
b1879,TRUE,FALSE,TRUE
b1880,TRUE,FALSE,TRUE
b1881,TRUE,FALSE,TRUE
b1882,TRUE,FALSE,TRUE
b1883,TRUE,FALSE,TRUE
b1884,FALSE,TRUE,TRUE
b1885,TRUE,TRUE,TRUE
b1886,TRUE,FALSE,TRUE
b1887,TRUE,TRUE,TRUE
b1888,TRUE,TRUE,TRUE
b1889,TRUE,FALSE,TRUE
b1890,TRUE,TRUE,TRUE
b1891,FALSE,FALSE,TRUE
b1892,TRUE,TRUE,TRUE
b1893,FALSE,FALSE,FALSE
b1894,FALSE,FALSE,FALSE
b1895,TRUE,FALSE,TRUE
b1896,TRUE,TRUE,TRUE
b1897,TRUE,FALSE,TRUE
b4460,TRUE,FALSE,TRUE
b1900,TRUE,TRUE,TRUE
b1901,TRUE,FALSE,TRUE
b1902,TRUE,FALSE,TRUE
b4537,TRUE,TRUE,TRUE
b4663,TRUE,FALSE,TRUE
b1904,TRUE,TRUE,TRUE
b1905,TRUE,FALSE,TRUE
b1906,TRUE,FALSE,TRUE
b1907,TRUE,FALSE,TRUE
b1908,TRUE,TRUE,TRUE
b1912,FALSE,TRUE,TRUE
b1913,TRUE,TRUE,TRUE
b1914,TRUE,FALSE,TRUE
b1915,TRUE,FALSE,TRUE
b1916,FALSE,FALSE,TRUE
b1917,FALSE,FALSE,TRUE
b1918,FALSE,FALSE,FALSE
b1919,TRUE,FALSE,TRUE
b1920,TRUE,FALSE,TRUE
b1921,TRUE,TRUE,TRUE
b1922,TRUE,FALSE,TRUE
b1923,TRUE,TRUE,TRUE
b1924,FALSE,FALSE,TRUE
b1925,TRUE,FALSE,TRUE
b1926,FALSE,FALSE,FALSE
b1927,TRUE,FALSE,TRUE
b1928,TRUE,TRUE,TRUE
b1929,FALSE,FALSE,TRUE
b1930,FALSE,FALSE,TRUE
b1931,TRUE,FALSE,TRUE
b1932,FALSE,FALSE,FALSE
b4495,TRUE,TRUE,TRUE
b4495,FALSE,TRUE,TRUE
b4495,TRUE,TRUE,TRUE
b1936,FALSE,FALSE,TRUE
b1937,TRUE,FALSE,TRUE
b1938,FALSE,FALSE,TRUE
b1939,FALSE,FALSE,TRUE
b1940,FALSE,FALSE,TRUE
b1941,FALSE,FALSE,FALSE
b1942,TRUE,FALSE,TRUE
b1943,FALSE,FALSE,TRUE
b1944,TRUE,FALSE,TRUE
b1945,FALSE,FALSE,TRUE
b1946,FALSE,FALSE,TRUE
b1947,FALSE,FALSE,FALSE
b1948,FALSE,FALSE,TRUE
b1949,TRUE,TRUE,TRUE
b1950,FALSE,FALSE,TRUE
b1951,TRUE,FALSE,TRUE
b1952,TRUE,FALSE,TRUE
b1953,TRUE,TRUE,TRUE
b1955,TRUE,FALSE,TRUE
b1956,TRUE,FALSE,TRUE
b1957,TRUE,FALSE,TRUE
b1958,TRUE,TRUE,TRUE
b1959,FALSE,FALSE,TRUE
b1960,FALSE,FALSE,FALSE
b1961,FALSE,TRUE,TRUE
b1962,TRUE,FALSE,TRUE
b1963,FALSE,FALSE,TRUE
b4496,TRUE,TRUE,TRUE
b4496,FALSE,TRUE,TRUE
b1967,TRUE,FALSE,TRUE
b1968,TRUE,TRUE,TRUE
b1969,TRUE,FALSE,TRUE
b1970,TRUE,FALSE,TRUE
b1971,FALSE,TRUE,TRUE
b1972,FALSE,FALSE,TRUE
b1973,TRUE,FALSE,TRUE
b1974,TRUE,FALSE,TRUE
b1976,TRUE,FALSE,TRUE
b1978,TRUE,TRUE,TRUE
b4497,TRUE,FALSE,TRUE
b1981,TRUE,FALSE,TRUE
b1982,TRUE,FALSE,TRUE
b1983,TRUE,FALSE,TRUE
b1985,FALSE,TRUE,TRUE
b1987,TRUE,TRUE,TRUE
b1988,TRUE,TRUE,TRUE
b1990,FALSE,TRUE,TRUE
b1991,TRUE,FALSE,TRUE
b1992,TRUE,FALSE,TRUE
b1993,TRUE,TRUE,TRUE
b4639,FALSE,TRUE,TRUE
b1994,FALSE,FALSE,FALSE
b4640,TRUE,TRUE,TRUE
b4640,FALSE,TRUE,TRUE
b4641,FALSE,TRUE,TRUE
b4582,TRUE,FALSE,TRUE
b4582,FALSE,FALSE,TRUE
b1996,FALSE,FALSE,FALSE
b1997,FALSE,FALSE,FALSE
b1999,FALSE,FALSE,FALSE
b2000,TRUE,FALSE,TRUE
b2001,TRUE,FALSE,TRUE
b2002,FALSE,FALSE,TRUE
b2003,FALSE,FALSE,TRUE
b2004,TRUE,FALSE,TRUE
b2005,TRUE,FALSE,TRUE
b2006,TRUE,FALSE,TRUE
b4642,FALSE,FALSE,FALSE
b4538,FALSE,TRUE,TRUE
b2007,TRUE,FALSE,TRUE
b2008,FALSE,FALSE,TRUE
b2009,TRUE,FALSE,TRUE
b2010,FALSE,FALSE,TRUE
b2011,TRUE,FALSE,TRUE
b2012,TRUE,TRUE,TRUE
b2013,TRUE,TRUE,TRUE
b2014,FALSE,TRUE,TRUE
b4678,TRUE,FALSE,TRUE
b2015,TRUE,TRUE,TRUE
b2016,TRUE,FALSE,TRUE
b4539,TRUE,TRUE,TRUE
b2017,TRUE,FALSE,TRUE
b2018,FALSE,FALSE,FALSE
b2019,TRUE,FALSE,TRUE
b2020,TRUE,FALSE,TRUE
b2021,TRUE,FALSE,TRUE
b2022,TRUE,TRUE,TRUE
b2023,TRUE,FALSE,TRUE
b2024,TRUE,FALSE,TRUE
b2025,TRUE,FALSE,TRUE
b2026,TRUE,TRUE,TRUE
b2027,FALSE,FALSE,TRUE
b2028,TRUE,FALSE,TRUE
b2029,TRUE,FALSE,TRUE
b4571,FALSE,TRUE,TRUE
b4571,FALSE,TRUE,TRUE
b2030,FALSE,FALSE,FALSE
b2032,FALSE,TRUE,TRUE
b2033,TRUE,TRUE,TRUE
b2034,FALSE,TRUE,TRUE
b2035,FALSE,TRUE,TRUE
b2036,TRUE,TRUE,TRUE
b2037,TRUE,TRUE,TRUE
b2038,TRUE,TRUE,TRUE
b2039,TRUE,FALSE,TRUE
b2040,TRUE,FALSE,TRUE
b2041,TRUE,TRUE,TRUE
b2042,TRUE,FALSE,TRUE
b2043,FALSE,FALSE,TRUE
b2044,FALSE,TRUE,TRUE
b2045,TRUE,FALSE,TRUE
b2046,TRUE,FALSE,TRUE
b2047,FALSE,FALSE,TRUE
b2048,TRUE,TRUE,TRUE
b2049,TRUE,FALSE,TRUE
b2050,FALSE,FALSE,FALSE
b2051,TRUE,FALSE,TRUE
b2052,TRUE,FALSE,TRUE
b2053,TRUE,FALSE,TRUE
b2054,TRUE,FALSE,TRUE
b2055,TRUE,FALSE,TRUE
b2056,FALSE,FALSE,TRUE
b2057,FALSE,FALSE,TRUE
b2058,FALSE,TRUE,TRUE
b2059,TRUE,FALSE,TRUE
b2060,TRUE,FALSE,TRUE
b2061,TRUE,FALSE,TRUE
b2062,FALSE,FALSE,TRUE
b2063,TRUE,FALSE,TRUE
b2064,TRUE,FALSE,TRUE
b2065,TRUE,FALSE,TRUE
b2066,FALSE,FALSE,TRUE
b2067,FALSE,FALSE,FALSE
b2068,TRUE,TRUE,TRUE
b2069,FALSE,FALSE,TRUE
b2070,FALSE,TRUE,TRUE
b2071,TRUE,TRUE,TRUE
b2072,FALSE,FALSE,FALSE
b2073,TRUE,TRUE,TRUE
b4667,FALSE,FALSE,TRUE
b4668,FALSE,TRUE,TRUE
b2074,TRUE,FALSE,TRUE
b2075,FALSE,FALSE,TRUE
b2076,TRUE,FALSE,TRUE
b2077,TRUE,FALSE,TRUE
b2078,TRUE,FALSE,TRUE
b2079,TRUE,TRUE,TRUE
b2080,TRUE,TRUE,TRUE
b2081,TRUE,FALSE,TRUE
b2082,TRUE,TRUE,TRUE
b2083,FALSE,TRUE,TRUE
b2085,TRUE,FALSE,TRUE
b2086,TRUE,FALSE,TRUE
b4498,TRUE,FALSE,TRUE
b4498,FALSE,FALSE,TRUE
b2088,FALSE,FALSE,FALSE
b2089,FALSE,FALSE,FALSE
b2091,TRUE,FALSE,TRUE
b2092,TRUE,FALSE,TRUE
b2092,FALSE,FALSE,TRUE
b2093,TRUE,FALSE,TRUE
b2094,FALSE,FALSE,TRUE
b2095,TRUE,FALSE,TRUE
b2096,TRUE,TRUE,TRUE
b2097,TRUE,FALSE,TRUE
b2098,TRUE,FALSE,TRUE
b2099,TRUE,FALSE,TRUE
b2100,FALSE,FALSE,TRUE
b2101,FALSE,FALSE,TRUE
b2102,TRUE,TRUE,TRUE
b2103,TRUE,TRUE,TRUE
b2104,FALSE,FALSE,TRUE
b2105,TRUE,FALSE,TRUE
b2106,TRUE,FALSE,TRUE
b2107,TRUE,TRUE,TRUE
b2108,TRUE,FALSE,TRUE
b2109,TRUE,TRUE,TRUE
b2110,FALSE,TRUE,TRUE
b2111,FALSE,FALSE,TRUE
b2112,TRUE,FALSE,TRUE
b2113,TRUE,FALSE,TRUE
b2114,TRUE,FALSE,TRUE
b4499,TRUE,FALSE,TRUE
b4499,FALSE,FALSE,TRUE
b2118,TRUE,FALSE,TRUE
b4541,TRUE,FALSE,TRUE
b2119,FALSE,FALSE,TRUE
b2120,FALSE,FALSE,FALSE
b2121,TRUE,TRUE,TRUE
b2122,FALSE,FALSE,TRUE
b2123,TRUE,FALSE,TRUE
b2124,FALSE,FALSE,TRUE
b2125,TRUE,TRUE,TRUE
b2126,FALSE,FALSE,TRUE
b2127,FALSE,FALSE,TRUE
b4542,TRUE,TRUE,TRUE
b2128,TRUE,FALSE,TRUE
b2129,TRUE,TRUE,TRUE
b2130,TRUE,FALSE,TRUE
b2131,TRUE,FALSE,TRUE
b2132,TRUE,FALSE,TRUE
b2133,TRUE,TRUE,TRUE
b2134,TRUE,FALSE,TRUE
b2135,TRUE,FALSE,TRUE
b2136,TRUE,FALSE,TRUE
b2137,TRUE,TRUE,TRUE
b2139,FALSE,FALSE,TRUE
b2139,FALSE,FALSE,TRUE
b4679,TRUE,FALSE,TRUE
b2140,TRUE,TRUE,TRUE
b2141,TRUE,FALSE,TRUE
b2142,TRUE,FALSE,TRUE
b2143,TRUE,FALSE,TRUE
b2144,FALSE,FALSE,FALSE
b2145,TRUE,FALSE,TRUE
b2146,TRUE,FALSE,TRUE
b2147,TRUE,TRUE,TRUE
b2148,FALSE,FALSE,TRUE
b2149,FALSE,TRUE,TRUE
b2150,TRUE,FALSE,TRUE
b2151,TRUE,FALSE,TRUE
b2152,FALSE,FALSE,TRUE
b2153,FALSE,FALSE,TRUE
b2154,TRUE,FALSE,TRUE
b2155,TRUE,FALSE,TRUE
b2156,TRUE,FALSE,TRUE
b2157,FALSE,FALSE,TRUE
b2158,TRUE,FALSE,TRUE
b2159,TRUE,FALSE,TRUE
b2160,TRUE,FALSE,TRUE
b2161,FALSE,FALSE,TRUE
b2162,TRUE,FALSE,TRUE
b2163,FALSE,FALSE,TRUE
b2164,TRUE,FALSE,TRUE
b2165,TRUE,FALSE,TRUE
b2166,TRUE,TRUE,TRUE
b2167,TRUE,FALSE,TRUE
b2168,TRUE,FALSE,TRUE
b2169,TRUE,FALSE,TRUE
b2170,FALSE,FALSE,FALSE
b4502,FALSE,FALSE,TRUE
b2171,TRUE,FALSE,TRUE
b2172,TRUE,FALSE,TRUE
b2173,TRUE,TRUE,TRUE
b2174,TRUE,FALSE,TRUE
b2175,TRUE,FALSE,TRUE
b2176,FALSE,FALSE,FALSE
b2177,TRUE,TRUE,TRUE
b2178,FALSE,FALSE,TRUE
b2179,FALSE,TRUE,TRUE
b2180,FALSE,FALSE,TRUE
b2181,TRUE,TRUE,TRUE
b2182,TRUE,FALSE,TRUE
b2183,FALSE,TRUE,TRUE
b2184,TRUE,FALSE,TRUE
b2185,TRUE,FALSE,TRUE
b2186,TRUE,FALSE,TRUE
b2187,FALSE,FALSE,TRUE
b2188,FALSE,FALSE,TRUE
b2190,TRUE,FALSE,TRUE
b2190,FALSE,FALSE,TRUE
b2192,FALSE,FALSE,FALSE
b2193,TRUE,FALSE,TRUE
b2194,TRUE,FALSE,TRUE
b2195,TRUE,FALSE,TRUE
b2196,FALSE,FALSE,FALSE
b2197,TRUE,FALSE,TRUE
b2198,FALSE,FALSE,TRUE
b2199,TRUE,FALSE,TRUE
b2200,FALSE,FALSE,TRUE
b2201,FALSE,FALSE,TRUE
b2202,TRUE,TRUE,TRUE
b2203,TRUE,FALSE,TRUE
b2204,TRUE,FALSE,TRUE
b2205,FALSE,TRUE,TRUE
b2206,TRUE,FALSE,TRUE
b2207,TRUE,FALSE,TRUE
b2208,TRUE,TRUE,TRUE
b2209,TRUE,FALSE,TRUE
b2210,TRUE,FALSE,TRUE
b2211,TRUE,FALSE,TRUE
b2212,TRUE,FALSE,TRUE
b2213,FALSE,FALSE,TRUE
b2214,FALSE,FALSE,TRUE
b2215,TRUE,FALSE,TRUE
b2216,FALSE,FALSE,TRUE
b2217,TRUE,FALSE,TRUE
b2218,FALSE,FALSE,TRUE
b2219,TRUE,TRUE,TRUE
b2220,FALSE,FALSE,TRUE
b2221,TRUE,FALSE,TRUE
b2222,TRUE,FALSE,TRUE
b2223,FALSE,FALSE,TRUE
b2224,TRUE,FALSE,TRUE
b2225,TRUE,FALSE,TRUE
b2226,TRUE,TRUE,TRUE
b4500,TRUE,FALSE,TRUE
b2229,FALSE,FALSE,FALSE
b2230,TRUE,TRUE,TRUE
b2231,TRUE,FALSE,TRUE
b2232,TRUE,TRUE,TRUE
b2233,TRUE,FALSE,TRUE
b2234,TRUE,FALSE,TRUE
b2235,TRUE,FALSE,TRUE
b2236,FALSE,FALSE,FALSE
b2237,FALSE,TRUE,TRUE
b2238,FALSE,TRUE,TRUE
b2239,TRUE,FALSE,TRUE
b2240,TRUE,TRUE,TRUE
b2241,TRUE,FALSE,TRUE
b2242,TRUE,TRUE,TRUE
b2243,TRUE,FALSE,TRUE
b2244,FALSE,FALSE,TRUE
b4543,TRUE,TRUE,TRUE
b2245,TRUE,FALSE,TRUE
b2246,FALSE,FALSE,TRUE
b2247,TRUE,TRUE,TRUE
b2248,FALSE,FALSE,TRUE
b2249,TRUE,FALSE,TRUE
b2250,TRUE,FALSE,TRUE
b2251,FALSE,TRUE,TRUE
b2252,TRUE,FALSE,TRUE
b2253,TRUE,FALSE,TRUE
b2254,TRUE,TRUE,TRUE
b2255,TRUE,FALSE,TRUE
b2256,TRUE,FALSE,TRUE
b2257,FALSE,FALSE,FALSE
b4544,FALSE,FALSE,FALSE
b2258,FALSE,TRUE,TRUE
b2259,TRUE,FALSE,TRUE
b2260,FALSE,FALSE,TRUE
b2261,FALSE,FALSE,FALSE
b2262,FALSE,FALSE,TRUE
b2263,FALSE,FALSE,FALSE
b2264,FALSE,FALSE,TRUE
b2265,FALSE,FALSE,TRUE
b2266,TRUE,FALSE,TRUE
b2267,TRUE,FALSE,TRUE
b2268,FALSE,FALSE,TRUE
b2269,FALSE,FALSE,TRUE
b2270,FALSE,FALSE,FALSE
b2271,FALSE,FALSE,TRUE
b2272,TRUE,FALSE,TRUE
b2273,TRUE,FALSE,TRUE
b2274,TRUE,TRUE,TRUE
b2275,FALSE,FALSE,TRUE
b2276,FALSE,FALSE,TRUE
b2277,TRUE,FALSE,TRUE
b2278,TRUE,FALSE,TRUE
b2279,FALSE,FALSE,TRUE
b2280,TRUE,FALSE,TRUE
b2281,FALSE,FALSE,TRUE
b2282,TRUE,TRUE,TRUE
b2283,TRUE,TRUE,TRUE
b2284,FALSE,FALSE,TRUE
b2285,FALSE,FALSE,TRUE
b2286,FALSE,FALSE,TRUE
b2287,TRUE,FALSE,TRUE
b2288,TRUE,TRUE,TRUE
b2289,TRUE,FALSE,TRUE
b2290,FALSE,FALSE,TRUE
b2291,FALSE,FALSE,FALSE
b2292,TRUE,TRUE,TRUE
b2293,TRUE,TRUE,TRUE
b2294,TRUE,FALSE,TRUE
b2295,TRUE,FALSE,TRUE
b2296,TRUE,FALSE,TRUE
b2297,TRUE,FALSE,TRUE
b2298,TRUE,TRUE,TRUE
b2299,TRUE,TRUE,TRUE
b2300,TRUE,FALSE,TRUE
b2301,FALSE,FALSE,TRUE
b2302,FALSE,FALSE,TRUE
b2303,TRUE,FALSE,TRUE
b2304,FALSE,TRUE,TRUE
b2305,TRUE,FALSE,TRUE
b2306,TRUE,FALSE,TRUE
b2307,TRUE,TRUE,TRUE
b2308,FALSE,FALSE,TRUE
b2309,TRUE,FALSE,TRUE
b2310,TRUE,FALSE,TRUE
b2311,FALSE,FALSE,TRUE
b2312,TRUE,FALSE,TRUE
b2313,FALSE,FALSE,TRUE
b2314,TRUE,FALSE,TRUE
b2315,FALSE,FALSE,TRUE
b2316,TRUE,FALSE,TRUE
b2317,TRUE,FALSE,TRUE
b2318,FALSE,FALSE,FALSE
b2319,TRUE,FALSE,TRUE
b2320,TRUE,FALSE,TRUE
b2321,FALSE,FALSE,TRUE
b2322,FALSE,TRUE,TRUE
b2323,TRUE,FALSE,TRUE
b2324,FALSE,FALSE,TRUE
b2325,TRUE,TRUE,TRUE
b2326,TRUE,FALSE,TRUE
b2327,TRUE,FALSE,TRUE
b2328,TRUE,FALSE,TRUE
b2329,TRUE,TRUE,TRUE
b2330,TRUE,FALSE,TRUE
b2331,TRUE,FALSE,TRUE
b2332,TRUE,FALSE,TRUE
b2333,TRUE,FALSE,TRUE
b2334,FALSE,FALSE,TRUE
b2335,FALSE,FALSE,TRUE
b2336,TRUE,FALSE,TRUE
b4661,FALSE,FALSE,TRUE
b2339,TRUE,FALSE,TRUE
b2340,FALSE,FALSE,TRUE
b2341,FALSE,TRUE,TRUE
b2342,TRUE,FALSE,TRUE
b2343,TRUE,FALSE,TRUE
b2344,TRUE,FALSE,TRUE
b2345,FALSE,FALSE,TRUE
b2346,TRUE,FALSE,TRUE
b2347,TRUE,FALSE,TRUE
b2349,FALSE,TRUE,TRUE
b2350,FALSE,FALSE,TRUE
b2351,TRUE,FALSE,TRUE
b2352,TRUE,FALSE,TRUE
b2353,FALSE,FALSE,FALSE
b2354,TRUE,FALSE,TRUE
b2355,FALSE,TRUE,TRUE
b2356,TRUE,TRUE,TRUE
b2357,FALSE,TRUE,TRUE
b2358,FALSE,FALSE,FALSE
b2359,TRUE,FALSE,TRUE
b2360,TRUE,FALSE,TRUE
b2361,TRUE,FALSE,TRUE
b2362,TRUE,FALSE,TRUE
b2363,TRUE,TRUE,TRUE
b4545,TRUE,FALSE,TRUE
b4501,FALSE,FALSE,TRUE
b2364,TRUE,FALSE,TRUE
b2365,TRUE,TRUE,TRUE
b2366,TRUE,TRUE,TRUE
b2367,TRUE,FALSE,TRUE
b2368,TRUE,TRUE,TRUE
b2369,TRUE,FALSE,TRUE
b2370,FALSE,FALSE,FALSE
b2371,FALSE,FALSE,TRUE
b2372,FALSE,FALSE,TRUE
b2373,TRUE,FALSE,TRUE
b2374,TRUE,TRUE,TRUE
b2375,TRUE,FALSE,TRUE
b2376,FALSE,TRUE,TRUE
b2377,TRUE,FALSE,TRUE
b2378,TRUE,TRUE,TRUE
b4680,TRUE,FALSE,TRUE
b2379,FALSE,FALSE,TRUE
b2380,TRUE,FALSE,TRUE
b2381,TRUE,TRUE,TRUE
b2382,FALSE,TRUE,TRUE
b2383,TRUE,FALSE,TRUE
b2384,TRUE,FALSE,TRUE
b2385,TRUE,FALSE,TRUE
b2386,TRUE,FALSE,TRUE
b2387,TRUE,FALSE,TRUE
b2388,TRUE,TRUE,TRUE
b2389,TRUE,FALSE,TRUE
b2390,TRUE,FALSE,TRUE
b2392,TRUE,FALSE,TRUE
b2393,FALSE,FALSE,TRUE
b2394,FALSE,FALSE,FALSE
b2395,FALSE,TRUE,TRUE
b2398,TRUE,TRUE,TRUE
b2399,FALSE,TRUE,TRUE
b2400,TRUE,FALSE,TRUE
b2405,FALSE,FALSE,TRUE
b2406,TRUE,FALSE,TRUE
b2407,TRUE,FALSE,TRUE
b2408,TRUE,TRUE,TRUE
b2409,TRUE,TRUE,TRUE
b2410,FALSE,FALSE,TRUE
b4546,TRUE,FALSE,TRUE
b2411,FALSE,FALSE,TRUE
b2412,TRUE,FALSE,TRUE
b2413,TRUE,FALSE,TRUE
b2414,TRUE,FALSE,TRUE
b2415,TRUE,FALSE,TRUE
b2416,TRUE,FALSE,TRUE
b2417,TRUE,FALSE,TRUE
b2418,TRUE,FALSE,TRUE
b2419,TRUE,TRUE,TRUE
b2420,TRUE,FALSE,TRUE
b2421,TRUE,FALSE,TRUE
b2422,TRUE,FALSE,TRUE
b2423,FALSE,FALSE,FALSE
b2424,FALSE,FALSE,TRUE
b2425,FALSE,FALSE,TRUE
b2426,TRUE,FALSE,TRUE
b2427,TRUE,FALSE,TRUE
b2428,TRUE,FALSE,TRUE
b2429,TRUE,FALSE,TRUE
b2430,TRUE,TRUE,TRUE
b2431,TRUE,FALSE,TRUE
b2432,TRUE,FALSE,TRUE
b2433,TRUE,FALSE,TRUE
b2434,TRUE,TRUE,TRUE
b2435,FALSE,FALSE,TRUE
b2436,FALSE,FALSE,TRUE
b2437,FALSE,FALSE,TRUE
b2438,TRUE,FALSE,TRUE
b2439,FALSE,FALSE,TRUE
b2440,TRUE,FALSE,TRUE
b2441,TRUE,TRUE,TRUE
b2442,TRUE,FALSE,TRUE
b2443,TRUE,TRUE,TRUE
b2444,FALSE,FALSE,TRUE
b2445,FALSE,FALSE,TRUE
b2446,TRUE,TRUE,TRUE
b2447,TRUE,FALSE,TRUE
b2448,TRUE,FALSE,TRUE
b2449,TRUE,FALSE,TRUE
b2450,TRUE,FALSE,TRUE
b2451,TRUE,FALSE,TRUE
b2452,TRUE,FALSE,TRUE
b2453,TRUE,FALSE,TRUE
b2454,TRUE,FALSE,TRUE
b2455,TRUE,FALSE,TRUE
b2456,FALSE,FALSE,TRUE
b2457,TRUE,FALSE,TRUE
b2458,TRUE,TRUE,TRUE
b2459,FALSE,FALSE,FALSE
b2460,TRUE,FALSE,TRUE
b2461,FALSE,TRUE,TRUE
b2462,TRUE,FALSE,TRUE
b2463,TRUE,FALSE,TRUE
b2464,TRUE,FALSE,TRUE
b2465,TRUE,FALSE,TRUE
b2466,FALSE,FALSE,TRUE
b2467,FALSE,FALSE,TRUE
b2468,TRUE,FALSE,TRUE
b2469,TRUE,FALSE,TRUE
b2470,FALSE,FALSE,TRUE
b4606,TRUE,FALSE,TRUE
b2471,TRUE,FALSE,TRUE
b2472,TRUE,FALSE,TRUE
b4547,TRUE,FALSE,TRUE
b2473,TRUE,FALSE,TRUE
b2474,FALSE,FALSE,TRUE
b2475,TRUE,FALSE,TRUE
b2476,TRUE,FALSE,TRUE
b2477,TRUE,FALSE,TRUE
b2478,TRUE,FALSE,TRUE
b2479,FALSE,FALSE,TRUE
b2480,TRUE,TRUE,TRUE
b2481,TRUE,FALSE,TRUE
b2482,FALSE,FALSE,TRUE
b2483,TRUE,FALSE,TRUE
b2484,TRUE,TRUE,TRUE
b2485,TRUE,FALSE,TRUE
b2486,FALSE,FALSE,TRUE
b2487,TRUE,FALSE,TRUE
b2488,TRUE,TRUE,TRUE
b2489,TRUE,TRUE,TRUE
b2490,FALSE,FALSE,TRUE
b2491,TRUE,TRUE,TRUE
b2492,FALSE,FALSE,TRUE
b2493,TRUE,TRUE,TRUE
b2494,TRUE,FALSE,TRUE
b2495,TRUE,FALSE,TRUE
b2496,FALSE,FALSE,TRUE
b2497,TRUE,FALSE,TRUE
b2498,TRUE,FALSE,TRUE
b2499,FALSE,FALSE,TRUE
b2500,TRUE,FALSE,TRUE
b2501,TRUE,TRUE,TRUE
b2502,TRUE,FALSE,TRUE
b2503,FALSE,FALSE,TRUE
b2504,FALSE,FALSE,TRUE
b2505,TRUE,FALSE,TRUE
b2506,TRUE,FALSE,TRUE
b2507,TRUE,FALSE,TRUE
b2508,FALSE,FALSE,TRUE
b2509,FALSE,FALSE,FALSE
b2510,TRUE,TRUE,TRUE
b2511,TRUE,FALSE,TRUE
b2512,TRUE,FALSE,TRUE
b2513,TRUE,FALSE,TRUE
b2514,TRUE,FALSE,TRUE
b2515,TRUE,FALSE,TRUE
b2516,TRUE,FALSE,TRUE
b2517,FALSE,TRUE,TRUE
b2518,TRUE,FALSE,TRUE
b2519,FALSE,TRUE,TRUE
b2520,TRUE,FALSE,TRUE
b2521,TRUE,TRUE,TRUE
b2522,FALSE,FALSE,TRUE
b2523,TRUE,FALSE,TRUE
b2524,TRUE,FALSE,TRUE
b2525,TRUE,FALSE,TRUE
b2526,TRUE,FALSE,TRUE
b2527,FALSE,FALSE,FALSE
b2528,TRUE,FALSE,TRUE
b2529,TRUE,FALSE,TRUE
b2530,TRUE,FALSE,TRUE
b2531,TRUE,FALSE,TRUE
b2532,TRUE,FALSE,TRUE
b2533,TRUE,FALSE,TRUE
b2534,FALSE,FALSE,FALSE
b2535,TRUE,FALSE,TRUE
b2536,TRUE,FALSE,TRUE
b2537,TRUE,FALSE,TRUE
b4706,FALSE,FALSE,TRUE
b2538,TRUE,FALSE,TRUE
b2539,TRUE,TRUE,TRUE
b2540,TRUE,FALSE,TRUE
b2541,TRUE,FALSE,TRUE
b2542,TRUE,FALSE,TRUE
b2543,TRUE,FALSE,TRUE
b2544,TRUE,FALSE,TRUE
b2545,TRUE,FALSE,TRUE
b2546,TRUE,FALSE,TRUE
b2547,FALSE,FALSE,TRUE
b2548,FALSE,FALSE,TRUE
b2549,FALSE,FALSE,TRUE
b2550,FALSE,FALSE,TRUE
b2551,TRUE,FALSE,TRUE
b2552,TRUE,FALSE,TRUE
b2553,TRUE,FALSE,TRUE
b2554,FALSE,FALSE,TRUE
b2555,FALSE,TRUE,TRUE
b2556,FALSE,FALSE,FALSE
b2557,TRUE,FALSE,TRUE
b2558,FALSE,TRUE,TRUE
b2559,FALSE,FALSE,TRUE
b2560,TRUE,FALSE,TRUE
b2561,TRUE,FALSE,TRUE
b2562,FALSE,FALSE,TRUE
b4687,FALSE,FALSE,TRUE
b2563,FALSE,TRUE,TRUE
b2564,TRUE,FALSE,TRUE
b2565,FALSE,FALSE,TRUE
b2566,TRUE,FALSE,TRUE
b2567,FALSE,FALSE,FALSE
b2568,TRUE,FALSE,TRUE
b2569,TRUE,FALSE,TRUE
b2570,FALSE,FALSE,TRUE
b2571,TRUE,FALSE,TRUE
b2572,TRUE,FALSE,TRUE
b2573,TRUE,FALSE,TRUE
b2574,TRUE,TRUE,TRUE
b2575,FALSE,FALSE,TRUE
b2576,TRUE,FALSE,TRUE
b2577,TRUE,TRUE,TRUE
b2578,TRUE,FALSE,TRUE
b2579,TRUE,TRUE,TRUE
b2580,TRUE,FALSE,TRUE
b2581,TRUE,FALSE,TRUE
b2582,FALSE,TRUE,TRUE
b2583,FALSE,FALSE,FALSE
b2584,FALSE,FALSE,TRUE
b2585,FALSE,FALSE,TRUE
b2586,FALSE,FALSE,TRUE
b2587,TRUE,FALSE,TRUE
b2592,TRUE,FALSE,TRUE
b2593,TRUE,TRUE,TRUE
b2594,TRUE,FALSE,TRUE
b2595,TRUE,FALSE,TRUE
b2597,TRUE,FALSE,TRUE
b2598,TRUE,TRUE,TRUE
b2599,FALSE,FALSE,TRUE
b2600,TRUE,TRUE,TRUE
b2601,TRUE,FALSE,TRUE
b2602,TRUE,FALSE,TRUE
b2603,FALSE,FALSE,TRUE
b2604,TRUE,FALSE,TRUE
b2605,TRUE,FALSE,TRUE
b2606,TRUE,TRUE,TRUE
b2607,FALSE,FALSE,FALSE
b2608,FALSE,TRUE,TRUE
b2609,TRUE,FALSE,TRUE
b2610,TRUE,FALSE,TRUE
b2611,FALSE,FALSE,FALSE
b4461,TRUE,FALSE,TRUE
b2614,TRUE,FALSE,TRUE
b2615,TRUE,FALSE,TRUE
b2616,TRUE,FALSE,TRUE
b2617,TRUE,FALSE,TRUE
b2618,FALSE,FALSE,TRUE
b2619,FALSE,TRUE,TRUE
b2620,TRUE,FALSE,TRUE
b2622,TRUE,FALSE,TRUE
b2623,FALSE,TRUE,TRUE
b2624,TRUE,FALSE,TRUE
b2625,FALSE,FALSE,TRUE
b2626,FALSE,FALSE,TRUE
b2627,TRUE,TRUE,TRUE
b2628,TRUE,FALSE,TRUE
b2629,FALSE,FALSE,TRUE
b2630,FALSE,FALSE,TRUE
b2631,FALSE,FALSE,TRUE
b2632,TRUE,FALSE,TRUE
b2633,FALSE,FALSE,FALSE
b2634,FALSE,FALSE,TRUE
b2635,TRUE,FALSE,TRUE
b2636,FALSE,FALSE,TRUE
b2637,TRUE,FALSE,TRUE
b2638,FALSE,TRUE,TRUE
b2641,FALSE,FALSE,FALSE
b2641,FALSE,FALSE,FALSE
b2642,TRUE,TRUE,TRUE
b4644,TRUE,TRUE,TRUE
b4644,FALSE,TRUE,TRUE
b2643,TRUE,TRUE,TRUE
b2644,TRUE,FALSE,TRUE
b4548,FALSE,FALSE,TRUE
b2645,TRUE,TRUE,TRUE
b2646,TRUE,FALSE,TRUE
b2647,TRUE,TRUE,TRUE
b2648,TRUE,FALSE,TRUE
b2650,TRUE,FALSE,TRUE
b4462,FALSE,TRUE,TRUE
b2659,TRUE,FALSE,TRUE
b2660,TRUE,FALSE,TRUE
b2661,TRUE,TRUE,TRUE
b2662,TRUE,FALSE,TRUE
b2663,TRUE,TRUE,TRUE
b2664,TRUE,TRUE,TRUE
b2665,TRUE,FALSE,TRUE
b2666,TRUE,TRUE,TRUE
b2667,TRUE,FALSE,TRUE
b2668,TRUE,TRUE,TRUE
b2669,FALSE,FALSE,TRUE
b2670,TRUE,FALSE,TRUE
b2671,TRUE,TRUE,TRUE
b2672,TRUE,TRUE,TRUE
b2673,TRUE,TRUE,TRUE
b2674,FALSE,FALSE,FALSE
b2675,TRUE,FALSE,TRUE
b2676,FALSE,FALSE,TRUE
b2677,FALSE,TRUE,TRUE
b2678,TRUE,FALSE,TRUE
b2679,TRUE,FALSE,TRUE
b2681,TRUE,TRUE,TRUE
b2681,FALSE,TRUE,TRUE
b2682,FALSE,FALSE,TRUE
b2683,FALSE,FALSE,TRUE
b2684,TRUE,FALSE,TRUE
b2685,TRUE,FALSE,TRUE
b2686,TRUE,FALSE,TRUE
b2687,TRUE,FALSE,TRUE
b2688,TRUE,FALSE,TRUE
b2689,FALSE,FALSE,TRUE
b2690,TRUE,FALSE,TRUE
b2696,TRUE,FALSE,TRUE
b2697,TRUE,FALSE,TRUE
b2698,FALSE,FALSE,TRUE
b2699,TRUE,FALSE,TRUE
b2700,TRUE,FALSE,TRUE
b2701,FALSE,TRUE,TRUE
b2702,TRUE,FALSE,TRUE
b2703,TRUE,FALSE,TRUE
b2704,FALSE,FALSE,TRUE
b2705,TRUE,FALSE,TRUE
b2706,TRUE,FALSE,TRUE
b2707,FALSE,FALSE,TRUE
b2708,TRUE,FALSE,TRUE
b2709,TRUE,FALSE,TRUE
b2710,TRUE,TRUE,TRUE
b2711,TRUE,FALSE,TRUE
b2712,TRUE,FALSE,TRUE
b2713,TRUE,FALSE,TRUE
b2714,TRUE,TRUE,TRUE
b2715,FALSE,TRUE,TRUE
b2716,TRUE,FALSE,TRUE
b2717,FALSE,TRUE,TRUE
b2718,TRUE,FALSE,TRUE
b2719,FALSE,TRUE,TRUE
b2720,TRUE,TRUE,TRUE
b2721,TRUE,FALSE,TRUE
b2722,TRUE,FALSE,TRUE
b2723,TRUE,TRUE,TRUE
b2724,TRUE,TRUE,TRUE
b2725,TRUE,FALSE,TRUE
b2726,TRUE,TRUE,TRUE
b2727,TRUE,FALSE,TRUE
b2728,FALSE,FALSE,FALSE
b2729,TRUE,FALSE,TRUE
b2730,TRUE,FALSE,TRUE
b2731,TRUE,TRUE,TRUE
b2732,TRUE,FALSE,TRUE
b2733,TRUE,FALSE,TRUE
b2734,TRUE,FALSE,TRUE
b2735,TRUE,FALSE,TRUE
b2736,TRUE,FALSE,TRUE
b2737,TRUE,FALSE,TRUE
b2738,TRUE,FALSE,TRUE
b2739,TRUE,FALSE,TRUE
b2740,FALSE,FALSE,TRUE
b2741,TRUE,FALSE,TRUE
b2742,TRUE,FALSE,TRUE
b2743,TRUE,FALSE,TRUE
b2744,FALSE,FALSE,TRUE
b2745,TRUE,FALSE,TRUE
b2746,TRUE,FALSE,TRUE
b2747,TRUE,FALSE,TRUE
b2748,TRUE,FALSE,TRUE
b2749,TRUE,FALSE,TRUE
b2750,FALSE,FALSE,TRUE
b2751,TRUE,FALSE,TRUE
b2752,TRUE,TRUE,TRUE
b2753,TRUE,TRUE,TRUE
b2754,TRUE,FALSE,TRUE
b2755,TRUE,TRUE,TRUE
b2756,TRUE,TRUE,TRUE
b2757,FALSE,FALSE,TRUE
b2758,TRUE,FALSE,TRUE
b2759,TRUE,TRUE,TRUE
b2760,TRUE,FALSE,TRUE
b2761,TRUE,FALSE,TRUE
b2762,TRUE,FALSE,TRUE
b2763,TRUE,FALSE,TRUE
b2764,TRUE,FALSE,TRUE
b2765,TRUE,FALSE,TRUE
b2766,TRUE,FALSE,TRUE
b2767,FALSE,FALSE,TRUE
b2768,TRUE,FALSE,TRUE
b2769,TRUE,FALSE,TRUE
b2770,TRUE,FALSE,TRUE
b2771,TRUE,FALSE,TRUE
b4463,TRUE,FALSE,TRUE
b2774,TRUE,FALSE,TRUE
b2775,TRUE,FALSE,TRUE
b2776,TRUE,FALSE,TRUE
b2777,TRUE,TRUE,TRUE
b4682,TRUE,FALSE,TRUE
b2778,TRUE,FALSE,TRUE
b2779,TRUE,TRUE,TRUE
b2780,FALSE,TRUE,TRUE
b2781,TRUE,FALSE,TRUE
b2782,TRUE,FALSE,TRUE
b2783,TRUE,FALSE,TRUE
b2784,TRUE,FALSE,TRUE
b2785,TRUE,FALSE,TRUE
b2786,FALSE,FALSE,TRUE
b2787,TRUE,TRUE,TRUE
b2788,FALSE,FALSE,TRUE
b2789,TRUE,TRUE,TRUE
b2790,TRUE,FALSE,TRUE
b2791,TRUE,TRUE,TRUE
b2792,FALSE,TRUE,TRUE
b2793,TRUE,FALSE,TRUE
b2794,TRUE,FALSE,TRUE
b2795,TRUE,TRUE,TRUE
b2796,TRUE,TRUE,TRUE
b2797,FALSE,FALSE,TRUE
b2798,TRUE,FALSE,TRUE
b2799,TRUE,FALSE,TRUE
b2800,TRUE,FALSE,TRUE
b2801,TRUE,TRUE,TRUE
b2802,TRUE,TRUE,TRUE
b2803,TRUE,FALSE,TRUE
b2804,TRUE,FALSE,TRUE
b2805,FALSE,FALSE,TRUE
b2806,TRUE,FALSE,TRUE
b2807,TRUE,FALSE,TRUE
b2808,TRUE,FALSE,TRUE
b2809,TRUE,FALSE,TRUE
b2810,TRUE,FALSE,TRUE
b2811,TRUE,TRUE,TRUE
b2812,TRUE,TRUE,TRUE
b2813,TRUE,FALSE,TRUE
b2817,TRUE,TRUE,TRUE
b2818,TRUE,FALSE,TRUE
b2819,TRUE,TRUE,TRUE
b2820,TRUE,TRUE,TRUE
b2821,TRUE,TRUE,TRUE
b2822,TRUE,FALSE,TRUE
b2823,TRUE,FALSE,TRUE
b2824,FALSE,FALSE,TRUE
b2825,FALSE,FALSE,TRUE
b2826,FALSE,FALSE,FALSE
b2827,TRUE,TRUE,TRUE
b2828,TRUE,FALSE,TRUE
b2829,TRUE,FALSE,TRUE
b2830,TRUE,FALSE,TRUE
b2831,TRUE,FALSE,TRUE
b2832,TRUE,FALSE,TRUE
b2833,TRUE,FALSE,TRUE
b2834,TRUE,FALSE,TRUE
b2835,TRUE,FALSE,TRUE
b2836,TRUE,TRUE,TRUE
b2837,TRUE,FALSE,TRUE
b2838,FALSE,FALSE,TRUE
b2839,FALSE,FALSE,TRUE
b2840,TRUE,TRUE,TRUE
b2841,TRUE,FALSE,TRUE
b2842,TRUE,FALSE,TRUE
b2843,TRUE,FALSE,TRUE
b2844,TRUE,FALSE,TRUE
b2845,TRUE,FALSE,TRUE
b2846,TRUE,FALSE,TRUE
b2847,TRUE,TRUE,TRUE
b2848,FALSE,TRUE,TRUE
b4683,TRUE,FALSE,TRUE
b2849,TRUE,TRUE,TRUE
b2850,TRUE,TRUE,TRUE
b2850,FALSE,TRUE,TRUE
b2851,TRUE,TRUE,TRUE
b2852,TRUE,FALSE,TRUE
b2853,TRUE,FALSE,TRUE
b2854,TRUE,TRUE,TRUE
b2854,FALSE,TRUE,TRUE
b2856,FALSE,TRUE,TRUE
b2858,FALSE,TRUE,TRUE
b2858,FALSE,TRUE,TRUE
b2859,FALSE,TRUE,TRUE
b2860,FALSE,FALSE,FALSE
b2861,FALSE,FALSE,FALSE
b2863,TRUE,FALSE,TRUE
b2865,FALSE,TRUE,TRUE
b2866,FALSE,TRUE,TRUE
b2867,TRUE,TRUE,TRUE
b2868,FALSE,TRUE,TRUE
b2869,TRUE,FALSE,TRUE
b2870,TRUE,TRUE,TRUE
b2871,FALSE,FALSE,TRUE
b2872,TRUE,FALSE,TRUE
b2873,TRUE,FALSE,TRUE
b2874,TRUE,TRUE,TRUE
b2875,TRUE,FALSE,TRUE
b2876,TRUE,FALSE,TRUE
b2877,TRUE,TRUE,TRUE
b2878,TRUE,FALSE,TRUE
b2879,FALSE,TRUE,TRUE
b2880,TRUE,FALSE,TRUE
b2881,FALSE,TRUE,TRUE
b2882,TRUE,FALSE,TRUE
b2883,TRUE,FALSE,TRUE
b4464,TRUE,FALSE,TRUE
b2886,TRUE,TRUE,TRUE
b2887,TRUE,FALSE,TRUE
b2888,TRUE,FALSE,TRUE
b4684,TRUE,FALSE,TRUE
b2889,TRUE,TRUE,TRUE
b2890,TRUE,FALSE,TRUE
b2891,FALSE,FALSE,TRUE
b2891,FALSE,FALSE,TRUE
b2892,TRUE,FALSE,TRUE
b2893,TRUE,TRUE,TRUE
b2894,TRUE,FALSE,TRUE
b2895,TRUE,TRUE,TRUE
b2896,FALSE,FALSE,TRUE
b2897,TRUE,FALSE,TRUE
b2898,TRUE,FALSE,TRUE
b2899,TRUE,FALSE,TRUE
b2900,TRUE,FALSE,TRUE
b2901,FALSE,TRUE,TRUE
b2902,TRUE,FALSE,TRUE
b2903,TRUE,TRUE,TRUE
b2904,TRUE,FALSE,TRUE
b2905,TRUE,FALSE,TRUE
b2906,TRUE,FALSE,TRUE
b2907,FALSE,FALSE,TRUE
b2908,TRUE,FALSE,TRUE
b2909,TRUE,TRUE,TRUE
b2910,FALSE,FALSE,TRUE
b2912,FALSE,FALSE,FALSE
b4665,FALSE,TRUE,TRUE
b2913,TRUE,TRUE,TRUE
b2914,TRUE,TRUE,TRUE
b2915,FALSE,TRUE,TRUE
b2916,TRUE,FALSE,TRUE
b2917,TRUE,FALSE,TRUE
b2918,FALSE,FALSE,FALSE
b2919,TRUE,FALSE,TRUE
b2920,TRUE,FALSE,TRUE
b2921,FALSE,TRUE,TRUE
b2922,TRUE,FALSE,TRUE
b2923,TRUE,FALSE,TRUE
b2924,TRUE,FALSE,TRUE
b2925,TRUE,FALSE,TRUE
b2926,TRUE,FALSE,TRUE
b2927,FALSE,FALSE,TRUE
b2928,TRUE,TRUE,TRUE
b2929,FALSE,FALSE,TRUE
b2930,TRUE,FALSE,TRUE
b4465,TRUE,FALSE,TRUE
b2933,TRUE,FALSE,TRUE
b2934,TRUE,FALSE,TRUE
b2935,TRUE,FALSE,TRUE
b2936,TRUE,TRUE,TRUE
b2937,TRUE,FALSE,TRUE
b2938,FALSE,TRUE,TRUE
b2939,TRUE,FALSE,TRUE
b2940,FALSE,FALSE,TRUE
b2942,FALSE,FALSE,TRUE
b2943,TRUE,FALSE,TRUE
b2944,FALSE,FALSE,FALSE
b2945,TRUE,FALSE,TRUE
b2946,FALSE,FALSE,TRUE
b2947,TRUE,FALSE,TRUE
b2948,TRUE,FALSE,TRUE
b2949,FALSE,FALSE,TRUE
b2950,TRUE,TRUE,TRUE
b2951,TRUE,FALSE,TRUE
b2952,TRUE,FALSE,TRUE
b2953,FALSE,FALSE,FALSE
b2954,TRUE,FALSE,TRUE
b2955,FALSE,FALSE,TRUE
b2956,TRUE,TRUE,TRUE
b2957,TRUE,FALSE,TRUE
b2958,TRUE,TRUE,TRUE
b2959,TRUE,FALSE,TRUE
b2960,FALSE,FALSE,TRUE
b2961,FALSE,FALSE,FALSE
b2962,TRUE,TRUE,TRUE
b2963,TRUE,FALSE,TRUE
b2964,TRUE,FALSE,TRUE
b2965,TRUE,FALSE,TRUE
b2966,TRUE,FALSE,TRUE
b2968,TRUE,FALSE,TRUE
b2969,FALSE,FALSE,TRUE
b2970,FALSE,FALSE,TRUE
b2971,TRUE,TRUE,TRUE
b2972,FALSE,TRUE,TRUE
b4466,TRUE,FALSE,TRUE
b2975,TRUE,TRUE,TRUE
b2976,TRUE,FALSE,TRUE
b2977,TRUE,FALSE,TRUE
b4467,TRUE,TRUE,TRUE
b4468,TRUE,FALSE,TRUE
b2979,TRUE,FALSE,TRUE
b2980,TRUE,FALSE,TRUE
b2981,FALSE,TRUE,TRUE
b2982,FALSE,FALSE,FALSE
b2983,FALSE,FALSE,TRUE
b2984,TRUE,FALSE,TRUE
b2985,TRUE,TRUE,TRUE
b2986,TRUE,FALSE,TRUE
b2987,FALSE,FALSE,TRUE
b2988,TRUE,FALSE,TRUE
b2989,TRUE,FALSE,TRUE
b2990,TRUE,FALSE,TRUE
b2991,FALSE,FALSE,TRUE
b2992,FALSE,FALSE,TRUE
b2993,TRUE,FALSE,TRUE
b2994,TRUE,FALSE,TRUE
b2995,TRUE,FALSE,TRUE
b2996,TRUE,FALSE,TRUE
b2997,FALSE,FALSE,TRUE
b2998,TRUE,FALSE,TRUE
b4658,FALSE,FALSE,TRUE
b4658,FALSE,FALSE,TRUE
b3001,TRUE,FALSE,TRUE
b3002,TRUE,FALSE,TRUE
b3003,TRUE,FALSE,TRUE
b3005,FALSE,FALSE,TRUE
b3006,TRUE,FALSE,TRUE
b3008,FALSE,TRUE,TRUE
b3009,TRUE,FALSE,TRUE
b3010,FALSE,TRUE,TRUE
b3011,TRUE,FALSE,TRUE
b3012,TRUE,FALSE,TRUE
b3013,TRUE,FALSE,TRUE
b3014,FALSE,FALSE,TRUE
b4469,TRUE,FALSE,TRUE
b3017,TRUE,FALSE,TRUE
b3018,TRUE,TRUE,TRUE
b3019,TRUE,FALSE,TRUE
b3020,TRUE,FALSE,TRUE
b3021,TRUE,TRUE,TRUE
b3022,TRUE,FALSE,TRUE
b3023,FALSE,TRUE,TRUE
b3024,TRUE,FALSE,TRUE
b3025,TRUE,TRUE,TRUE
b3026,TRUE,TRUE,TRUE
b3027,TRUE,FALSE,TRUE
b3028,TRUE,FALSE,TRUE
b3029,TRUE,FALSE,TRUE
b3030,TRUE,TRUE,TRUE
b3031,FALSE,FALSE,TRUE
b3032,TRUE,TRUE,TRUE
b3033,TRUE,TRUE,TRUE
b3034,TRUE,TRUE,TRUE
b3035,TRUE,FALSE,TRUE
b3037,TRUE,FALSE,TRUE
b3038,FALSE,FALSE,TRUE
b3039,TRUE,FALSE,TRUE
b3040,TRUE,FALSE,TRUE
b3041,TRUE,FALSE,TRUE
b3042,FALSE,FALSE,TRUE
b3043,FALSE,TRUE,TRUE
b3046,FALSE,TRUE,TRUE
b3046,FALSE,TRUE,TRUE
b3044,FALSE,FALSE,FALSE
b3045,FALSE,FALSE,FALSE
b3047,TRUE,FALSE,TRUE
b3048,TRUE,TRUE,TRUE
b3049,TRUE,TRUE,TRUE
b3050,TRUE,TRUE,TRUE
b3051,TRUE,FALSE,TRUE
b4664,FALSE,TRUE,TRUE
b4666,FALSE,FALSE,TRUE
b3052,TRUE,TRUE,TRUE
b3053,TRUE,FALSE,TRUE
b3054,TRUE,FALSE,TRUE
b3055,FALSE,FALSE,TRUE
b3056,TRUE,FALSE,TRUE
b3057,TRUE,FALSE,TRUE
b3058,TRUE,FALSE,TRUE
b3059,TRUE,FALSE,TRUE
b3060,TRUE,FALSE,TRUE
b3061,TRUE,TRUE,TRUE
b3062,TRUE,FALSE,TRUE
b3063,TRUE,FALSE,TRUE
b3064,TRUE,FALSE,TRUE
b3065,TRUE,FALSE,TRUE
b3066,FALSE,FALSE,FALSE
b3067,TRUE,TRUE,TRUE
b3068,TRUE,FALSE,TRUE
b3070,TRUE,FALSE,TRUE
b3071,TRUE,FALSE,TRUE
b3072,TRUE,FALSE,TRUE
b3073,FALSE,FALSE,TRUE
b3074,TRUE,FALSE,TRUE
b3075,TRUE,FALSE,TRUE
b3076,TRUE,FALSE,TRUE
b3077,TRUE,FALSE,TRUE
b3078,TRUE,FALSE,TRUE
b3079,TRUE,FALSE,TRUE
b3080,TRUE,FALSE,TRUE
b3081,TRUE,FALSE,TRUE
b3082,TRUE,TRUE,TRUE
b3083,TRUE,FALSE,TRUE
b3084,TRUE,FALSE,TRUE
b3085,FALSE,FALSE,TRUE
b3086,FALSE,FALSE,TRUE
b3087,TRUE,FALSE,TRUE
b3088,TRUE,FALSE,TRUE
b3089,TRUE,FALSE,TRUE
b3090,FALSE,FALSE,FALSE
b3091,TRUE,TRUE,TRUE
b3092,TRUE,FALSE,TRUE
b3093,TRUE,FALSE,TRUE
b3094,TRUE,TRUE,TRUE
b3095,TRUE,FALSE,TRUE
b3096,TRUE,FALSE,TRUE
b3097,TRUE,TRUE,TRUE
b3098,TRUE,FALSE,TRUE
b3099,FALSE,FALSE,TRUE
b3100,FALSE,FALSE,TRUE
b3101,TRUE,TRUE,TRUE
b3102,TRUE,FALSE,TRUE
b3103,TRUE,FALSE,TRUE
b3104,TRUE,TRUE,TRUE
b3105,TRUE,FALSE,TRUE
b3106,TRUE,FALSE,TRUE
b3107,TRUE,TRUE,TRUE
b4470,TRUE,FALSE,TRUE
b3110,TRUE,FALSE,TRUE
b4471,TRUE,FALSE,TRUE
b3113,TRUE,FALSE,TRUE
b3114,TRUE,FALSE,TRUE
b3115,TRUE,FALSE,TRUE
b3116,TRUE,FALSE,TRUE
b3117,TRUE,FALSE,TRUE
b3118,FALSE,TRUE,TRUE
b3119,TRUE,TRUE,TRUE
b3120,FALSE,FALSE,TRUE
b3121,FALSE,TRUE,TRUE
b3124,FALSE,TRUE,TRUE
b3125,FALSE,TRUE,TRUE
b3126,TRUE,FALSE,TRUE
b3127,TRUE,FALSE,TRUE
b3128,FALSE,FALSE,TRUE
b3129,TRUE,FALSE,TRUE
b3130,TRUE,TRUE,TRUE
b3131,TRUE,FALSE,TRUE
b3132,TRUE,FALSE,TRUE
b3133,TRUE,FALSE,TRUE
b3134,TRUE,FALSE,TRUE
b3135,FALSE,FALSE,FALSE
b3136,FALSE,FALSE,TRUE
b3137,FALSE,FALSE,TRUE
b3138,TRUE,FALSE,TRUE
b3139,TRUE,FALSE,TRUE
b3140,TRUE,FALSE,TRUE
b3141,FALSE,TRUE,TRUE
b3142,TRUE,FALSE,TRUE
b3143,FALSE,FALSE,TRUE
b3144,TRUE,FALSE,TRUE
b3145,FALSE,TRUE,TRUE
b3146,FALSE,FALSE,TRUE
b3147,FALSE,FALSE,TRUE
b3148,FALSE,FALSE,TRUE
b3149,TRUE,FALSE,TRUE
b3150,TRUE,FALSE,TRUE
b3151,TRUE,TRUE,TRUE
b3152,TRUE,FALSE,TRUE
b3153,TRUE,FALSE,TRUE
b3154,TRUE,FALSE,TRUE
b3155,FALSE,FALSE,TRUE
b3156,TRUE,TRUE,TRUE
b3157,TRUE,FALSE,TRUE
b3158,FALSE,FALSE,FALSE
b3159,TRUE,FALSE,TRUE
b3160,TRUE,TRUE,TRUE
b3161,FALSE,FALSE,TRUE
b3162,FALSE,FALSE,FALSE
b4685,FALSE,FALSE,TRUE
b3163,TRUE,FALSE,TRUE
b3164,TRUE,FALSE,TRUE
b3165,TRUE,TRUE,TRUE
b3166,FALSE,FALSE,TRUE
b3167,TRUE,FALSE,TRUE
b3168,TRUE,TRUE,TRUE
b3169,TRUE,FALSE,TRUE
b3170,TRUE,TRUE,TRUE
b3172,TRUE,FALSE,TRUE
b3173,FALSE,TRUE,TRUE
b3175,FALSE,FALSE,TRUE
b3176,TRUE,FALSE,TRUE
b3177,TRUE,FALSE,TRUE
b3178,FALSE,TRUE,TRUE
b3179,TRUE,FALSE,TRUE
b3180,TRUE,FALSE,TRUE
b3181,TRUE,FALSE,TRUE
b3182,FALSE,FALSE,FALSE
b3183,TRUE,FALSE,TRUE
b3184,TRUE,FALSE,TRUE
b3185,TRUE,FALSE,TRUE
b3186,FALSE,FALSE,TRUE
b3187,TRUE,FALSE,TRUE
b3188,TRUE,FALSE,TRUE
b3189,TRUE,TRUE,TRUE
b3190,TRUE,TRUE,TRUE
b3191,TRUE,FALSE,TRUE
b3192,TRUE,FALSE,TRUE
b3193,TRUE,TRUE,TRUE
b3194,FALSE,TRUE,TRUE
b3195,TRUE,FALSE,TRUE
b3196,FALSE,FALSE,TRUE
b3197,TRUE,FALSE,TRUE
b3198,TRUE,FALSE,TRUE
b3199,TRUE,FALSE,TRUE
b3200,FALSE,FALSE,TRUE
b3201,TRUE,FALSE,TRUE
b3202,TRUE,TRUE,TRUE
b3203,TRUE,FALSE,TRUE
b3204,TRUE,TRUE,TRUE
b3205,TRUE,TRUE,TRUE
b3206,TRUE,FALSE,TRUE
b3207,FALSE,TRUE,TRUE
b3208,FALSE,FALSE,FALSE
b3209,TRUE,FALSE,TRUE
b3210,TRUE,FALSE,TRUE
b3211,FALSE,FALSE,TRUE
b3212,FALSE,FALSE,TRUE
b3213,TRUE,FALSE,TRUE
b3214,TRUE,FALSE,TRUE
b3215,TRUE,TRUE,TRUE
b3216,TRUE,FALSE,TRUE
b4569,TRUE,TRUE,TRUE
b4569,FALSE,TRUE,TRUE
b3218,FALSE,FALSE,FALSE
b3219,TRUE,TRUE,TRUE
b3220,TRUE,FALSE,TRUE
b3221,TRUE,FALSE,TRUE
b3222,TRUE,FALSE,TRUE
b3223,FALSE,FALSE,TRUE
b3224,FALSE,FALSE,FALSE
b3225,TRUE,FALSE,TRUE
b3226,FALSE,TRUE,TRUE
b3227,TRUE,FALSE,TRUE
b3228,TRUE,FALSE,TRUE
b3229,TRUE,FALSE,TRUE
b3230,TRUE,FALSE,TRUE
b3231,TRUE,FALSE,TRUE
b3232,TRUE,FALSE,TRUE
b3233,TRUE,FALSE,TRUE
b3234,TRUE,FALSE,TRUE
b3235,FALSE,FALSE,TRUE
b3236,TRUE,FALSE,TRUE
b3237,FALSE,TRUE,TRUE
b3238,TRUE,FALSE,TRUE
b3239,TRUE,TRUE,TRUE
b3240,FALSE,FALSE,FALSE
b3241,TRUE,FALSE,TRUE
b3242,FALSE,FALSE,TRUE
b3243,TRUE,TRUE,TRUE
b3244,TRUE,FALSE,TRUE
b4472,TRUE,FALSE,TRUE
b3247,TRUE,TRUE,TRUE
b3248,FALSE,FALSE,TRUE
b3249,FALSE,TRUE,TRUE
b3250,FALSE,FALSE,TRUE
b3251,TRUE,FALSE,TRUE
b3252,TRUE,FALSE,TRUE
b3253,FALSE,FALSE,TRUE
b4697,TRUE,FALSE,TRUE
b4646,FALSE,TRUE,TRUE
b4646,FALSE,TRUE,TRUE
b3255,TRUE,FALSE,TRUE
b3256,FALSE,TRUE,TRUE
b3257,TRUE,FALSE,TRUE
b3258,FALSE,FALSE,TRUE
b3259,TRUE,FALSE,TRUE
b3260,FALSE,FALSE,TRUE
b3261,TRUE,TRUE,TRUE
b3262,TRUE,FALSE,TRUE
b3263,TRUE,FALSE,TRUE
b3264,FALSE,FALSE,FALSE
b3265,TRUE,FALSE,TRUE
b3266,TRUE,FALSE,TRUE
b3267,TRUE,TRUE,TRUE
b3268,TRUE,FALSE,TRUE
b3268,FALSE,FALSE,TRUE
b3269,FALSE,FALSE,TRUE
b3270,FALSE,FALSE,TRUE
b3271,FALSE,TRUE,TRUE
b3279,TRUE,FALSE,TRUE
b3280,TRUE,FALSE,TRUE
b3281,TRUE,TRUE,TRUE
b3282,TRUE,FALSE,TRUE
b3283,TRUE,TRUE,TRUE
b3284,TRUE,TRUE,TRUE
b4473,TRUE,FALSE,TRUE
b3287,TRUE,TRUE,TRUE
b3288,TRUE,FALSE,TRUE
b3289,FALSE,FALSE,TRUE
b3290,TRUE,FALSE,TRUE
b3291,TRUE,FALSE,TRUE
b4550,TRUE,FALSE,TRUE
b3292,TRUE,TRUE,TRUE
b3293,TRUE,FALSE,TRUE
b3294,TRUE,FALSE,TRUE
b3295,TRUE,FALSE,TRUE
b3296,TRUE,FALSE,TRUE
b3297,TRUE,FALSE,TRUE
b3298,TRUE,FALSE,TRUE
b3299,TRUE,TRUE,TRUE
b3300,TRUE,FALSE,TRUE
b3301,TRUE,TRUE,TRUE
b3302,TRUE,FALSE,TRUE
b3303,TRUE,TRUE,TRUE
b3304,TRUE,FALSE,TRUE
b3305,TRUE,FALSE,TRUE
b3306,TRUE,FALSE,TRUE
b3307,TRUE,FALSE,TRUE
b3308,TRUE,FALSE,TRUE
b3309,TRUE,FALSE,TRUE
b3310,TRUE,FALSE,TRUE
b3311,TRUE,FALSE,TRUE
b3312,TRUE,FALSE,TRUE
b3313,TRUE,FALSE,TRUE
b3314,TRUE,FALSE,TRUE
b3315,TRUE,FALSE,TRUE
b3316,TRUE,TRUE,TRUE
b3317,TRUE,FALSE,TRUE
b3318,TRUE,TRUE,TRUE
b3319,TRUE,FALSE,TRUE
b3320,TRUE,FALSE,TRUE
b3321,TRUE,TRUE,TRUE
b3322,FALSE,FALSE,TRUE
b3323,TRUE,FALSE,TRUE
b3324,FALSE,TRUE,TRUE
b3325,FALSE,FALSE,TRUE
b3326,FALSE,FALSE,FALSE
b3327,FALSE,FALSE,TRUE
b3328,TRUE,FALSE,TRUE
b3329,TRUE,FALSE,TRUE
b3330,FALSE,FALSE,TRUE
b3331,FALSE,TRUE,TRUE
b3332,FALSE,FALSE,FALSE
b3333,FALSE,FALSE,TRUE
b3334,TRUE,FALSE,TRUE
b3335,FALSE,FALSE,TRUE
b3336,TRUE,FALSE,TRUE
b3337,TRUE,FALSE,TRUE
b3338,TRUE,FALSE,TRUE
b3339,TRUE,FALSE,TRUE
b3340,FALSE,TRUE,TRUE
b3341,TRUE,FALSE,TRUE
b3342,TRUE,FALSE,TRUE
b3343,FALSE,FALSE,TRUE
b3344,FALSE,FALSE,TRUE
b3345,FALSE,FALSE,TRUE
b3346,FALSE,FALSE,TRUE
b3347,TRUE,FALSE,TRUE
b3348,TRUE,TRUE,TRUE
b3349,TRUE,FALSE,TRUE
b4551,TRUE,FALSE,TRUE
b3350,TRUE,FALSE,TRUE
b3351,TRUE,FALSE,TRUE
b3352,FALSE,FALSE,TRUE
b3353,FALSE,FALSE,FALSE
b3354,TRUE,FALSE,TRUE
b3355,TRUE,TRUE,TRUE
b3356,TRUE,FALSE,TRUE
b3357,TRUE,FALSE,TRUE
b3358,FALSE,FALSE,FALSE
b3359,TRUE,FALSE,TRUE
b3360,FALSE,TRUE,TRUE
b3361,FALSE,FALSE,TRUE
b3362,TRUE,FALSE,TRUE
b3363,TRUE,TRUE,TRUE
b3364,TRUE,FALSE,TRUE
b3365,TRUE,FALSE,TRUE
b3366,TRUE,FALSE,TRUE
b3367,TRUE,FALSE,TRUE
b3368,TRUE,FALSE,TRUE
b3369,TRUE,FALSE,TRUE
b3370,TRUE,FALSE,TRUE
b3371,TRUE,FALSE,TRUE
b4474,TRUE,FALSE,TRUE
b3374,FALSE,TRUE,TRUE
b3375,FALSE,TRUE,TRUE
b3376,FALSE,FALSE,TRUE
b3377,TRUE,FALSE,TRUE
b3378,TRUE,FALSE,TRUE
b3379,TRUE,FALSE,TRUE
b3380,TRUE,FALSE,TRUE
b3381,TRUE,FALSE,TRUE
b3382,TRUE,FALSE,TRUE
b3383,FALSE,TRUE,TRUE
b3384,TRUE,FALSE,TRUE
b3385,TRUE,FALSE,TRUE
b3386,TRUE,FALSE,TRUE
b3387,TRUE,TRUE,TRUE
b3388,TRUE,FALSE,TRUE
b3389,TRUE,FALSE,TRUE
b3390,TRUE,FALSE,TRUE
b3391,TRUE,FALSE,TRUE
b3392,FALSE,FALSE,TRUE
b3393,TRUE,FALSE,TRUE
b3394,FALSE,FALSE,FALSE
b3395,TRUE,TRUE,TRUE
b3396,TRUE,FALSE,TRUE
b3397,FALSE,FALSE,TRUE
b3398,TRUE,TRUE,TRUE
b3399,TRUE,TRUE,TRUE
b3400,FALSE,FALSE,TRUE
b3401,TRUE,FALSE,TRUE
b3402,TRUE,FALSE,TRUE
b3403,TRUE,FALSE,TRUE
b3404,FALSE,FALSE,FALSE
b3405,TRUE,FALSE,TRUE
b3406,TRUE,FALSE,TRUE
b3407,FALSE,FALSE,TRUE
b3408,TRUE,FALSE,TRUE
b3409,FALSE,FALSE,TRUE
b3410,FALSE,TRUE,TRUE
b3411,TRUE,TRUE,TRUE
b3412,TRUE,FALSE,TRUE
b3413,TRUE,FALSE,TRUE
b3414,FALSE,FALSE,TRUE
b3415,FALSE,TRUE,TRUE
b3416,FALSE,FALSE,TRUE
b3417,TRUE,FALSE,TRUE
b3418,FALSE,FALSE,FALSE
b4475,FALSE,FALSE,TRUE
b3421,TRUE,FALSE,TRUE
b3422,TRUE,FALSE,TRUE
b3423,TRUE,FALSE,TRUE
b3423,FALSE,FALSE,TRUE
b3424,TRUE,FALSE,TRUE
b3425,TRUE,FALSE,TRUE
b3426,TRUE,FALSE,TRUE
b3427,TRUE,TRUE,TRUE
b3428,FALSE,FALSE,TRUE
b3429,TRUE,FALSE,TRUE
b3430,TRUE,FALSE,TRUE
b3431,TRUE,TRUE,TRUE
b3432,TRUE,FALSE,TRUE
b3433,TRUE,FALSE,TRUE
b3434,TRUE,FALSE,TRUE
b4476,TRUE,FALSE,TRUE
b3437,TRUE,FALSE,TRUE
b3438,TRUE,TRUE,TRUE
b3439,TRUE,FALSE,TRUE
b3440,TRUE,FALSE,TRUE
b3441,TRUE,FALSE,TRUE
b3442,TRUE,FALSE,TRUE
b3443,FALSE,TRUE,TRUE
b3443,FALSE,TRUE,TRUE
b3444,FALSE,FALSE,FALSE
b3445,FALSE,FALSE,FALSE
b3446,FALSE,FALSE,TRUE
b3447,TRUE,FALSE,TRUE
b3448,TRUE,FALSE,TRUE
b3449,TRUE,FALSE,TRUE
b3450,FALSE,FALSE,TRUE
b3451,TRUE,FALSE,TRUE
b3452,FALSE,FALSE,TRUE
b3453,TRUE,FALSE,TRUE
b3454,TRUE,TRUE,TRUE
b3455,TRUE,FALSE,TRUE
b3456,FALSE,FALSE,TRUE
b3457,FALSE,FALSE,TRUE
b3458,TRUE,FALSE,TRUE
b3459,FALSE,FALSE,TRUE
b3460,TRUE,FALSE,TRUE
b3461,TRUE,FALSE,TRUE
b3462,TRUE,FALSE,TRUE
b3463,TRUE,TRUE,TRUE
b3464,TRUE,TRUE,TRUE
b3465,TRUE,FALSE,TRUE
b3466,TRUE,FALSE,TRUE
b3467,TRUE,FALSE,TRUE
b3468,FALSE,FALSE,TRUE
b3469,TRUE,FALSE,TRUE
b3470,TRUE,FALSE,TRUE
b3471,TRUE,FALSE,TRUE
b3472,TRUE,FALSE,TRUE
b3473,FALSE,FALSE,TRUE
b3474,TRUE,FALSE,TRUE
b3475,TRUE,FALSE,TRUE
b3476,FALSE,FALSE,TRUE
b3477,TRUE,FALSE,TRUE
b3478,TRUE,TRUE,TRUE
b3479,TRUE,FALSE,TRUE
b3480,TRUE,FALSE,TRUE
b3481,TRUE,TRUE,TRUE
b3482,TRUE,TRUE,TRUE
b3483,TRUE,TRUE,TRUE
b4552,TRUE,FALSE,TRUE
b3484,FALSE,FALSE,FALSE
b3485,TRUE,FALSE,TRUE
b3486,FALSE,FALSE,TRUE
b3487,TRUE,FALSE,TRUE
b3488,TRUE,TRUE,TRUE
b4660,TRUE,TRUE,TRUE
b4660,TRUE,TRUE,TRUE
b3491,TRUE,FALSE,TRUE
b3492,TRUE,FALSE,TRUE
b3493,TRUE,FALSE,TRUE
b3494,FALSE,FALSE,TRUE
b3495,TRUE,FALSE,TRUE
b3496,TRUE,FALSE,TRUE
b3497,TRUE,TRUE,TRUE
b3498,TRUE,FALSE,TRUE
b3499,TRUE,FALSE,TRUE
b3500,TRUE,FALSE,TRUE
b4613,TRUE,FALSE,TRUE
b3501,TRUE,TRUE,TRUE
b3502,TRUE,FALSE,TRUE
b3503,FALSE,FALSE,TRUE
b3504,TRUE,TRUE,TRUE
b3504,FALSE,TRUE,TRUE
b3505,FALSE,FALSE,FALSE
b3506,TRUE,FALSE,TRUE
b3507,TRUE,FALSE,TRUE
b3508,FALSE,TRUE,TRUE
b3509,TRUE,FALSE,TRUE
b3510,TRUE,FALSE,TRUE
b3511,TRUE,TRUE,TRUE
b3512,TRUE,FALSE,TRUE
b3513,TRUE,FALSE,TRUE
b3514,TRUE,FALSE,TRUE
b3515,TRUE,FALSE,TRUE
b3516,FALSE,FALSE,TRUE
b3517,TRUE,FALSE,TRUE
b3518,TRUE,FALSE,TRUE
b3519,TRUE,TRUE,TRUE
b3520,TRUE,FALSE,TRUE
b3521,TRUE,TRUE,TRUE
b3522,TRUE,FALSE,TRUE
b3523,TRUE,FALSE,TRUE
b3524,TRUE,FALSE,TRUE
b3525,TRUE,FALSE,TRUE
b3526,TRUE,FALSE,TRUE
b3527,TRUE,FALSE,TRUE
b3528,TRUE,FALSE,TRUE
b3529,FALSE,FALSE,TRUE
b3530,TRUE,TRUE,TRUE
b3531,TRUE,FALSE,TRUE
b3532,FALSE,TRUE,TRUE
b3533,FALSE,FALSE,TRUE
b3534,FALSE,FALSE,TRUE
b3535,TRUE,TRUE,TRUE
b3536,TRUE,FALSE,TRUE
b3537,TRUE,TRUE,TRUE
b3538,TRUE,FALSE,TRUE
b4453,TRUE,FALSE,TRUE
b3539,TRUE,FALSE,TRUE
b3540,TRUE,FALSE,TRUE
b3541,TRUE,FALSE,TRUE
b3542,TRUE,FALSE,TRUE
b3543,FALSE,FALSE,TRUE
b3544,TRUE,FALSE,TRUE
b3546,TRUE,TRUE,TRUE
b3547,TRUE,TRUE,TRUE
b3548,FALSE,TRUE,TRUE
b3549,TRUE,FALSE,TRUE
b3550,FALSE,TRUE,TRUE
b3551,TRUE,FALSE,TRUE
b3552,TRUE,FALSE,TRUE
b3553,TRUE,TRUE,TRUE
b3554,TRUE,FALSE,TRUE
b3555,TRUE,FALSE,TRUE
b3556,TRUE,TRUE,TRUE
b4647,FALSE,FALSE,TRUE
b4455,FALSE,FALSE,TRUE
b3557,FALSE,TRUE,TRUE
b3558,FALSE,FALSE,TRUE
b3559,TRUE,FALSE,TRUE
b3560,TRUE,FALSE,TRUE
b4553,TRUE,TRUE,TRUE
b3561,TRUE,TRUE,TRUE
b3562,TRUE,FALSE,TRUE
b3563,TRUE,FALSE,TRUE
b3564,TRUE,TRUE,TRUE
b3565,TRUE,TRUE,TRUE
b3566,TRUE,FALSE,TRUE
b3567,FALSE,TRUE,TRUE
b3568,TRUE,FALSE,TRUE
b3569,TRUE,FALSE,TRUE
b3570,TRUE,FALSE,TRUE
b3571,TRUE,FALSE,TRUE
b3572,FALSE,FALSE,TRUE
b3573,TRUE,FALSE,TRUE
b3574,TRUE,FALSE,TRUE
b3575,TRUE,FALSE,TRUE
b3576,TRUE,TRUE,TRUE
b3577,TRUE,TRUE,TRUE
b3578,FALSE,FALSE,TRUE
b3579,TRUE,FALSE,TRUE
b3580,FALSE,FALSE,TRUE
b3581,TRUE,FALSE,TRUE
b3582,TRUE,TRUE,TRUE
b3583,TRUE,FALSE,TRUE
b4648,FALSE,TRUE,TRUE
b4649,FALSE,TRUE,TRUE
b3584,TRUE,FALSE,TRUE
b3585,TRUE,FALSE,TRUE
b3586,TRUE,FALSE,TRUE
b3587,TRUE,FALSE,TRUE
b3588,TRUE,FALSE,TRUE
b3589,FALSE,FALSE,TRUE
b3590,TRUE,FALSE,TRUE
b3591,FALSE,TRUE,TRUE
b3592,TRUE,FALSE,TRUE
b3593,TRUE,TRUE,TRUE
b3594,TRUE,FALSE,TRUE
b3595,FALSE,FALSE,TRUE
b3596,TRUE,TRUE,TRUE
b4650,TRUE,FALSE,TRUE
b4651,FALSE,TRUE,TRUE
b4651,FALSE,TRUE,TRUE
b4615,TRUE,TRUE,TRUE
b4615,FALSE,TRUE,TRUE
b4652,FALSE,TRUE,TRUE
b4652,FALSE,TRUE,TRUE
b3597,TRUE,TRUE,TRUE
b3598,TRUE,TRUE,TRUE
b3599,TRUE,TRUE,TRUE
b3600,TRUE,FALSE,TRUE
b3601,FALSE,FALSE,TRUE
b4554,TRUE,FALSE,TRUE
b3602,TRUE,FALSE,TRUE
b3603,TRUE,FALSE,TRUE
b3604,TRUE,TRUE,TRUE
b3605,TRUE,TRUE,TRUE
b3606,TRUE,FALSE,TRUE
b3607,FALSE,FALSE,TRUE
b3608,TRUE,TRUE,TRUE
b3609,TRUE,FALSE,TRUE
b3610,FALSE,FALSE,TRUE
b3611,TRUE,TRUE,TRUE
b3612,TRUE,FALSE,TRUE
b3613,FALSE,FALSE,TRUE
b3614,TRUE,FALSE,TRUE
b3615,TRUE,FALSE,TRUE
b3616,TRUE,FALSE,TRUE
b3617,TRUE,TRUE,TRUE
b3618,FALSE,FALSE,TRUE
b3619,FALSE,TRUE,TRUE
b3620,FALSE,FALSE,TRUE
b3621,TRUE,FALSE,TRUE
b3622,TRUE,FALSE,TRUE
b3623,TRUE,FALSE,TRUE
b3624,TRUE,FALSE,TRUE
b3625,TRUE,TRUE,TRUE
b3626,TRUE,FALSE,TRUE
b3627,TRUE,TRUE,TRUE
b3628,TRUE,FALSE,TRUE
b3629,TRUE,TRUE,TRUE
b3630,TRUE,FALSE,TRUE
b3631,TRUE,TRUE,TRUE
b3632,TRUE,TRUE,TRUE
b3633,FALSE,FALSE,TRUE
b3634,TRUE,TRUE,TRUE
b3635,FALSE,FALSE,TRUE
b3636,TRUE,FALSE,TRUE
b3637,TRUE,FALSE,TRUE
b3638,TRUE,TRUE,TRUE
b3639,FALSE,FALSE,TRUE
b3640,TRUE,FALSE,TRUE
b3641,TRUE,FALSE,TRUE
b3642,FALSE,FALSE,TRUE
b3643,TRUE,TRUE,TRUE
b3643,FALSE,TRUE,TRUE
b3644,TRUE,FALSE,TRUE
b3645,TRUE,TRUE,TRUE
b3646,TRUE,FALSE,TRUE
b3647,TRUE,TRUE,TRUE
b3648,FALSE,FALSE,TRUE
b3649,TRUE,FALSE,TRUE
b3650,FALSE,FALSE,FALSE
b3651,TRUE,FALSE,TRUE
b3652,FALSE,FALSE,TRUE
b3653,TRUE,FALSE,TRUE
b3654,TRUE,TRUE,TRUE
b3655,TRUE,FALSE,TRUE
b3656,TRUE,FALSE,TRUE
b3657,TRUE,FALSE,TRUE
b4653,FALSE,TRUE,TRUE
b3659,TRUE,TRUE,TRUE
b3660,TRUE,FALSE,TRUE
b3661,TRUE,FALSE,TRUE
b4555,FALSE,FALSE,TRUE
b3662,TRUE,FALSE,TRUE
b3663,TRUE,TRUE,TRUE
b3664,TRUE,TRUE,TRUE
b3665,TRUE,TRUE,TRUE
b3666,TRUE,TRUE,TRUE
b3667,TRUE,FALSE,TRUE
b3668,FALSE,TRUE,TRUE
b3669,FALSE,FALSE,FALSE
b3670,TRUE,FALSE,TRUE
b3671,TRUE,FALSE,TRUE
b3672,FALSE,FALSE,TRUE
b4618,TRUE,FALSE,TRUE
b3673,TRUE,TRUE,TRUE
b3674,TRUE,TRUE,TRUE
b3675,FALSE,FALSE,TRUE
b3676,TRUE,FALSE,TRUE
b3677,TRUE,FALSE,TRUE
b3678,TRUE,FALSE,TRUE
b3679,TRUE,FALSE,TRUE
b3680,TRUE,TRUE,TRUE
b4556,TRUE,FALSE,TRUE
b3683,TRUE,TRUE,TRUE
b3684,FALSE,FALSE,TRUE
b3685,TRUE,TRUE,TRUE
b3686,TRUE,FALSE,TRUE
b3687,TRUE,FALSE,TRUE
b3688,TRUE,TRUE,TRUE
b3689,FALSE,FALSE,TRUE
b3690,TRUE,FALSE,TRUE
b3691,TRUE,FALSE,TRUE
b4478,TRUE,FALSE,TRUE
b4477,TRUE,TRUE,TRUE
b3693,TRUE,TRUE,TRUE
b4479,TRUE,FALSE,TRUE
b3696,TRUE,TRUE,TRUE
b3697,TRUE,FALSE,TRUE
b3698,TRUE,TRUE,TRUE
b3699,TRUE,FALSE,TRUE
b3700,FALSE,FALSE,TRUE
b3701,FALSE,FALSE,TRUE
b3702,FALSE,FALSE,TRUE
b3703,TRUE,FALSE,TRUE
b3704,FALSE,FALSE,TRUE
b4557,FALSE,FALSE,TRUE
b3705,TRUE,FALSE,TRUE
b3706,TRUE,FALSE,TRUE
b3707,TRUE,TRUE,TRUE
b3708,TRUE,TRUE,TRUE
b3709,TRUE,TRUE,TRUE
b3710,FALSE,TRUE,TRUE
b3711,FALSE,FALSE,FALSE
b3712,TRUE,TRUE,TRUE
b3713,TRUE,TRUE,TRUE
b3714,TRUE,FALSE,TRUE
b3715,TRUE,FALSE,TRUE
b3716,TRUE,FALSE,TRUE
b3717,TRUE,FALSE,TRUE
b3718,TRUE,FALSE,TRUE
b3719,TRUE,FALSE,TRUE
b3720,TRUE,FALSE,TRUE
b3721,TRUE,FALSE,TRUE
b3722,FALSE,FALSE,TRUE
b3723,FALSE,TRUE,TRUE
b3724,TRUE,FALSE,TRUE
b3725,TRUE,TRUE,TRUE
b3726,FALSE,FALSE,TRUE
b3727,FALSE,FALSE,TRUE
b3728,TRUE,TRUE,TRUE
b3729,FALSE,TRUE,TRUE
b3730,TRUE,TRUE,TRUE
b3731,TRUE,TRUE,TRUE
b3732,TRUE,FALSE,TRUE
b3733,TRUE,FALSE,TRUE
b3734,TRUE,FALSE,TRUE
b3735,TRUE,FALSE,TRUE
b3736,TRUE,FALSE,TRUE
b3737,TRUE,FALSE,TRUE
b3738,TRUE,FALSE,TRUE
b3739,FALSE,FALSE,TRUE
b3740,TRUE,FALSE,TRUE
b3741,TRUE,FALSE,TRUE
b3742,FALSE,FALSE,TRUE
b3743,TRUE,TRUE,TRUE
b3744,TRUE,FALSE,TRUE
b3745,FALSE,FALSE,FALSE
b3746,FALSE,TRUE,TRUE
b3747,TRUE,FALSE,TRUE
b3748,TRUE,FALSE,TRUE
b3749,FALSE,FALSE,TRUE
b3750,TRUE,FALSE,TRUE
b3751,TRUE,FALSE,TRUE
b3752,FALSE,FALSE,TRUE
b3753,TRUE,FALSE,TRUE
b3754,TRUE,FALSE,TRUE
b3755,TRUE,FALSE,TRUE
b4480,TRUE,FALSE,TRUE
b3764,TRUE,FALSE,TRUE
b3765,TRUE,TRUE,TRUE
b3766,FALSE,FALSE,TRUE
b4669,TRUE,FALSE,TRUE
b4488,FALSE,FALSE,TRUE
b4488,FALSE,FALSE,TRUE
b3769,TRUE,FALSE,TRUE
b3770,TRUE,FALSE,TRUE
b3771,TRUE,FALSE,TRUE
b3772,TRUE,FALSE,TRUE
b3773,TRUE,FALSE,TRUE
b3774,TRUE,FALSE,TRUE
b3775,TRUE,TRUE,TRUE
b3777,TRUE,TRUE,TRUE
b3777,FALSE,TRUE,TRUE
b3778,TRUE,FALSE,TRUE
b3779,TRUE,FALSE,TRUE
b3780,TRUE,TRUE,TRUE
b3781,TRUE,FALSE,TRUE
b3783,TRUE,FALSE,TRUE
b3784,TRUE,FALSE,TRUE
b3785,FALSE,TRUE,TRUE
b3786,TRUE,FALSE,TRUE
b3787,TRUE,FALSE,TRUE
b3788,TRUE,TRUE,TRUE
b3789,TRUE,TRUE,TRUE
b3790,FALSE,TRUE,TRUE
b3791,FALSE,TRUE,TRUE
b3792,FALSE,FALSE,TRUE
b4481,TRUE,FALSE,TRUE
b3793,TRUE,TRUE,TRUE
b3794,TRUE,FALSE,TRUE
b3795,TRUE,FALSE,TRUE
b3800,TRUE,FALSE,TRUE
b3801,TRUE,FALSE,TRUE
b3802,FALSE,FALSE,TRUE
b3803,TRUE,FALSE,TRUE
b3804,TRUE,FALSE,TRUE
b3805,TRUE,FALSE,TRUE
b3806,FALSE,TRUE,TRUE
b3807,TRUE,TRUE,TRUE
b4558,TRUE,FALSE,TRUE
b3809,TRUE,TRUE,TRUE
b3810,TRUE,FALSE,TRUE
b3811,FALSE,TRUE,TRUE
b3812,FALSE,FALSE,TRUE
b3813,FALSE,FALSE,TRUE
b4482,FALSE,TRUE,TRUE
b3816,TRUE,TRUE,TRUE
b3817,TRUE,FALSE,TRUE
b3818,TRUE,TRUE,TRUE
b3819,TRUE,FALSE,TRUE
b3820,FALSE,TRUE,TRUE
b3821,TRUE,FALSE,TRUE
b3822,FALSE,FALSE,TRUE
b3823,TRUE,FALSE,TRUE
b3824,TRUE,FALSE,TRUE
b3825,FALSE,FALSE,TRUE
b3826,TRUE,TRUE,TRUE
b3827,FALSE,FALSE,TRUE
b3828,TRUE,FALSE,TRUE
b3829,TRUE,FALSE,TRUE
b3830,TRUE,FALSE,TRUE
b3831,TRUE,FALSE,TRUE
b3832,TRUE,FALSE,TRUE
b3833,TRUE,TRUE,TRUE
b3834,TRUE,FALSE,TRUE
b3835,TRUE,TRUE,TRUE
b3836,TRUE,TRUE,TRUE
b3838,FALSE,FALSE,TRUE
b3839,TRUE,FALSE,TRUE
b4483,TRUE,TRUE,TRUE
b3842,TRUE,TRUE,TRUE
b3843,TRUE,TRUE,TRUE
b3844,TRUE,TRUE,TRUE
b3845,TRUE,FALSE,TRUE
b3846,TRUE,FALSE,TRUE
b3847,TRUE,FALSE,TRUE
b3848,FALSE,FALSE,FALSE
b3849,TRUE,FALSE,TRUE
b3850,TRUE,TRUE,TRUE
b3856,FALSE,FALSE,TRUE
b3857,TRUE,FALSE,TRUE
b3858,TRUE,TRUE,TRUE
b3859,TRUE,TRUE,TRUE
b3860,TRUE,TRUE,TRUE
b3861,TRUE,FALSE,TRUE
b3862,FALSE,FALSE,TRUE
b3863,FALSE,FALSE,TRUE
b3865,TRUE,FALSE,TRUE
b3866,FALSE,FALSE,TRUE
b3867,TRUE,FALSE,TRUE
b4686,TRUE,FALSE,TRUE
b3868,FALSE,FALSE,TRUE
b3869,FALSE,FALSE,FALSE
b3870,TRUE,FALSE,TRUE
b3871,TRUE,FALSE,TRUE
b3872,TRUE,TRUE,TRUE
b3873,TRUE,FALSE,TRUE
b3874,TRUE,TRUE,TRUE
b3875,TRUE,FALSE,TRUE
b3876,FALSE,TRUE,TRUE
b3877,TRUE,FALSE,TRUE
b3878,TRUE,FALSE,TRUE
b3879,FALSE,FALSE,TRUE
b3880,TRUE,FALSE,TRUE
b3881,TRUE,FALSE,TRUE
b3882,TRUE,FALSE,TRUE
b3883,TRUE,FALSE,TRUE
b3884,FALSE,FALSE,TRUE
b3885,TRUE,FALSE,TRUE
b3886,FALSE,FALSE,TRUE
b3887,TRUE,TRUE,TRUE
b3888,FALSE,TRUE,TRUE
b3889,TRUE,TRUE,TRUE
b3890,TRUE,TRUE,TRUE
b3891,TRUE,TRUE,TRUE
b3892,TRUE,FALSE,TRUE
b3893,TRUE,FALSE,TRUE
b3894,TRUE,FALSE,TRUE
b3895,TRUE,TRUE,TRUE
b3896,TRUE,FALSE,TRUE
b3897,FALSE,FALSE,FALSE
b3898,FALSE,FALSE,TRUE
b3899,TRUE,FALSE,TRUE
b3900,TRUE,FALSE,TRUE
b3901,TRUE,FALSE,TRUE
b3902,TRUE,FALSE,TRUE
b3903,TRUE,FALSE,TRUE
b3904,FALSE,FALSE,FALSE
b3905,FALSE,TRUE,TRUE
b3906,FALSE,FALSE,TRUE
b3907,TRUE,FALSE,TRUE
b3908,TRUE,FALSE,TRUE
b3909,TRUE,FALSE,TRUE
b3910,TRUE,FALSE,TRUE
b3911,FALSE,FALSE,FALSE
b3912,TRUE,TRUE,TRUE
b4484,TRUE,TRUE,TRUE
b3915,TRUE,FALSE,TRUE
b3916,TRUE,FALSE,TRUE
b3917,TRUE,FALSE,TRUE
b3918,TRUE,FALSE,TRUE
b3919,TRUE,TRUE,TRUE
b3920,FALSE,FALSE,TRUE
b3921,TRUE,TRUE,TRUE
b3922,TRUE,TRUE,TRUE
b3923,TRUE,FALSE,TRUE
b3924,TRUE,FALSE,TRUE
b3925,FALSE,FALSE,TRUE
b3926,TRUE,FALSE,TRUE
b3927,TRUE,FALSE,TRUE
b3928,TRUE,TRUE,TRUE
b3929,FALSE,FALSE,TRUE
b3930,FALSE,FALSE,TRUE
b3931,FALSE,FALSE,TRUE
b3932,TRUE,FALSE,TRUE
b3933,TRUE,FALSE,TRUE
b3934,TRUE,TRUE,TRUE
b3935,FALSE,FALSE,TRUE
b3936,TRUE,FALSE,TRUE
b3937,TRUE,FALSE,TRUE
b3938,TRUE,FALSE,TRUE
b3939,TRUE,FALSE,TRUE
b3940,TRUE,TRUE,TRUE
b3941,TRUE,TRUE,TRUE
b3942,TRUE,FALSE,TRUE
b3943,FALSE,TRUE,TRUE
b3944,FALSE,FALSE,TRUE
b3945,TRUE,FALSE,TRUE
b3946,TRUE,FALSE,TRUE
b3947,TRUE,FALSE,TRUE
b3949,TRUE,FALSE,TRUE
b3950,TRUE,FALSE,TRUE
b3951,FALSE,FALSE,TRUE
b3952,FALSE,FALSE,TRUE
b3953,TRUE,TRUE,TRUE
b3954,TRUE,FALSE,TRUE
b3955,TRUE,FALSE,TRUE
b3956,TRUE,FALSE,TRUE
b3957,TRUE,FALSE,TRUE
b3958,TRUE,TRUE,TRUE
b3959,TRUE,FALSE,TRUE
b3960,TRUE,FALSE,TRUE
b3961,TRUE,FALSE,TRUE
b3962,TRUE,TRUE,TRUE
b3963,TRUE,FALSE,TRUE
b3964,TRUE,TRUE,TRUE
b3965,FALSE,FALSE,TRUE
b3966,FALSE,FALSE,TRUE
b3967,FALSE,TRUE,TRUE
b3972,TRUE,FALSE,TRUE
b3973,FALSE,TRUE,TRUE
b3974,FALSE,TRUE,TRUE
b3980,TRUE,FALSE,TRUE
b3981,TRUE,FALSE,TRUE
b3982,TRUE,TRUE,TRUE
b3983,TRUE,TRUE,TRUE
b3984,TRUE,FALSE,TRUE
b3985,FALSE,FALSE,TRUE
b3986,TRUE,FALSE,TRUE
b3987,FALSE,TRUE,TRUE
b3988,FALSE,FALSE,TRUE
b3989,TRUE,FALSE,TRUE
b3990,FALSE,FALSE,FALSE
b3991,TRUE,FALSE,TRUE
b4407,FALSE,FALSE,TRUE
b3992,TRUE,FALSE,TRUE
b3993,TRUE,TRUE,TRUE
b3994,TRUE,FALSE,TRUE
b3995,TRUE,FALSE,TRUE
b3996,TRUE,FALSE,TRUE
b3997,FALSE,FALSE,TRUE
b3998,TRUE,TRUE,TRUE
b3999,TRUE,FALSE,TRUE
b4000,TRUE,TRUE,TRUE
b4001,FALSE,FALSE,TRUE
b4002,TRUE,FALSE,TRUE
b4003,TRUE,FALSE,TRUE
b4004,FALSE,FALSE,TRUE
b4005,TRUE,TRUE,TRUE
b4006,TRUE,FALSE,TRUE
b4011,TRUE,FALSE,TRUE
b4012,TRUE,FALSE,TRUE
b4013,TRUE,FALSE,TRUE
b4014,TRUE,FALSE,TRUE
b4015,TRUE,TRUE,TRUE
b4016,FALSE,FALSE,TRUE
b4017,FALSE,FALSE,TRUE
b4018,FALSE,FALSE,TRUE
b4019,TRUE,FALSE,TRUE
b4020,TRUE,FALSE,TRUE
b4021,TRUE,FALSE,TRUE
b4022,FALSE,FALSE,TRUE
b4023,FALSE,TRUE,TRUE
b4024,TRUE,FALSE,TRUE
b4025,TRUE,TRUE,TRUE
b4026,TRUE,FALSE,TRUE
b4027,TRUE,TRUE,TRUE
b4028,FALSE,TRUE,TRUE
b4029,TRUE,FALSE,TRUE
b4620,FALSE,FALSE,TRUE
b4030,FALSE,TRUE,TRUE
b4031,TRUE,FALSE,TRUE
b4032,TRUE,FALSE,TRUE
b4033,FALSE,TRUE,TRUE
b4034,TRUE,FALSE,TRUE
b4035,TRUE,FALSE,TRUE
b4036,TRUE,FALSE,TRUE
b4037,TRUE,TRUE,TRUE
b4038,TRUE,TRUE,TRUE
b4038,FALSE,TRUE,TRUE
b4038,FALSE,TRUE,TRUE
b4039,FALSE,FALSE,TRUE
b4040,TRUE,FALSE,TRUE
b4041,TRUE,FALSE,TRUE
b4042,FALSE,FALSE,TRUE
b4043,TRUE,FALSE,TRUE
b4044,FALSE,FALSE,TRUE
b4045,TRUE,FALSE,TRUE
b4046,TRUE,TRUE,TRUE
b4047,TRUE,FALSE,TRUE
b4048,FALSE,FALSE,TRUE
b4049,TRUE,TRUE,TRUE
b4050,TRUE,FALSE,TRUE
b4051,TRUE,FALSE,TRUE
b4052,FALSE,FALSE,TRUE
b4053,TRUE,FALSE,TRUE
b4054,TRUE,FALSE,TRUE
b4621,TRUE,FALSE,TRUE
b4055,TRUE,FALSE,TRUE
b4056,TRUE,FALSE,TRUE
b4057,TRUE,TRUE,TRUE
b4058,TRUE,FALSE,TRUE
b4059,TRUE,FALSE,TRUE
b4060,FALSE,FALSE,TRUE
b4061,TRUE,FALSE,TRUE
b4062,FALSE,TRUE,TRUE
b4063,FALSE,FALSE,TRUE
b4064,TRUE,FALSE,TRUE
b4065,TRUE,FALSE,TRUE
b4066,TRUE,FALSE,TRUE
b4067,TRUE,TRUE,TRUE
b4068,TRUE,FALSE,TRUE
b4069,TRUE,FALSE,TRUE
b4070,FALSE,FALSE,TRUE
b4071,TRUE,FALSE,TRUE
b4072,FALSE,FALSE,TRUE
b4073,FALSE,FALSE,TRUE
b4074,FALSE,FALSE,FALSE
b4075,FALSE,FALSE,TRUE
b4076,FALSE,FALSE,TRUE
b4077,TRUE,FALSE,TRUE
b4078,FALSE,TRUE,TRUE
b4079,TRUE,FALSE,TRUE
b4080,TRUE,FALSE,TRUE
b4081,FALSE,FALSE,FALSE
b4082,FALSE,FALSE,TRUE
b4622,FALSE,FALSE,TRUE
b4083,TRUE,FALSE,TRUE
b4084,FALSE,FALSE,TRUE
b4085,TRUE,FALSE,TRUE
b4086,TRUE,FALSE,TRUE
b4087,TRUE,FALSE,TRUE
b4088,TRUE,FALSE,TRUE
b4089,TRUE,FALSE,TRUE
b4090,TRUE,TRUE,TRUE
b4487,FALSE,TRUE,TRUE
b4092,FALSE,FALSE,FALSE
b4093,TRUE,FALSE,TRUE
b4094,FALSE,FALSE,TRUE
b4095,FALSE,FALSE,TRUE
b4096,TRUE,FALSE,TRUE
b4097,TRUE,FALSE,TRUE
b4098,TRUE,FALSE,TRUE
b4099,FALSE,FALSE,TRUE
b4100,FALSE,FALSE,TRUE
b4101,TRUE,FALSE,TRUE
b4102,FALSE,FALSE,TRUE
b4104,TRUE,FALSE,TRUE
b4104,FALSE,FALSE,TRUE
b4105,TRUE,FALSE,TRUE
b4106,TRUE,FALSE,TRUE
b4107,FALSE,FALSE,TRUE
b4108,TRUE,FALSE,TRUE
b4109,TRUE,FALSE,TRUE
b4110,TRUE,FALSE,TRUE
b4111,TRUE,FALSE,TRUE
b4703,TRUE,FALSE,TRUE
b4112,FALSE,TRUE,TRUE
b4113,TRUE,TRUE,TRUE
b4114,TRUE,TRUE,TRUE
b4115,TRUE,FALSE,TRUE
b4116,TRUE,FALSE,TRUE
b4117,TRUE,FALSE,TRUE
b4118,TRUE,FALSE,TRUE
b4119,TRUE,FALSE,TRUE
b4120,FALSE,TRUE,TRUE
b4121,FALSE,FALSE,TRUE
b4122,TRUE,FALSE,TRUE
b4123,TRUE,FALSE,TRUE
b4124,TRUE,FALSE,TRUE
b4125,FALSE,FALSE,TRUE
b4126,TRUE,FALSE,TRUE
b4127,TRUE,FALSE,TRUE
b4128,TRUE,FALSE,TRUE
b4559,FALSE,TRUE,TRUE
b4129,TRUE,TRUE,TRUE
b4130,TRUE,FALSE,TRUE
b4131,TRUE,FALSE,TRUE
b4132,TRUE,FALSE,TRUE
b4133,TRUE,FALSE,TRUE
b4654,FALSE,TRUE,TRUE
b4654,FALSE,TRUE,TRUE
b4135,TRUE,FALSE,TRUE
b4136,TRUE,FALSE,TRUE
b4137,TRUE,TRUE,TRUE
b4138,TRUE,TRUE,TRUE
b4139,TRUE,FALSE,TRUE
b4140,FALSE,TRUE,TRUE
b4141,TRUE,FALSE,TRUE
b4142,TRUE,FALSE,TRUE
b4143,TRUE,FALSE,TRUE
b4144,TRUE,FALSE,TRUE
b4145,TRUE,FALSE,TRUE
b4146,FALSE,FALSE,TRUE
b4147,TRUE,FALSE,TRUE
b4410,FALSE,FALSE,TRUE
b4411,TRUE,FALSE,TRUE
b4148,FALSE,TRUE,TRUE
b4149,TRUE,TRUE,TRUE
b4150,FALSE,FALSE,TRUE
b4151,TRUE,FALSE,TRUE
b4152,TRUE,FALSE,TRUE
b4153,TRUE,FALSE,TRUE
b4154,TRUE,FALSE,TRUE
b4155,TRUE,FALSE,TRUE
b4156,TRUE,FALSE,TRUE
b4157,TRUE,TRUE,TRUE
b4158,FALSE,FALSE,TRUE
b4159,TRUE,FALSE,TRUE
b4160,TRUE,FALSE,TRUE
b4161,TRUE,FALSE,TRUE
b4162,TRUE,FALSE,TRUE
b4670,FALSE,FALSE,TRUE
b4166,FALSE,FALSE,TRUE
b4167,FALSE,FALSE,TRUE
b4168,TRUE,TRUE,TRUE
b4169,FALSE,FALSE,TRUE
b4170,FALSE,FALSE,TRUE
b4171,TRUE,FALSE,TRUE
b4172,TRUE,FALSE,TRUE
b4173,FALSE,TRUE,TRUE
b4174,TRUE,FALSE,TRUE
b4175,TRUE,FALSE,TRUE
b4176,TRUE,FALSE,TRUE
b4177,TRUE,FALSE,TRUE
b4178,TRUE,TRUE,TRUE
b4179,TRUE,FALSE,TRUE
b4180,TRUE,TRUE,TRUE
b4181,TRUE,TRUE,TRUE
b4182,TRUE,FALSE,TRUE
b4183,FALSE,FALSE,FALSE
b4184,TRUE,FALSE,TRUE
b4185,TRUE,FALSE,TRUE
b4186,TRUE,FALSE,TRUE
b4187,TRUE,FALSE,TRUE
b4188,TRUE,FALSE,TRUE
b4189,TRUE,FALSE,TRUE
b4190,TRUE,FALSE,TRUE
b4191,FALSE,FALSE,TRUE
b4192,TRUE,TRUE,TRUE
b4193,TRUE,FALSE,TRUE
b4194,TRUE,FALSE,TRUE
b4195,TRUE,TRUE,TRUE
b4196,TRUE,FALSE,TRUE
b4197,FALSE,FALSE,TRUE
b4198,TRUE,FALSE,TRUE
b4199,TRUE,FALSE,TRUE
b4200,TRUE,FALSE,TRUE
b4201,FALSE,FALSE,TRUE
b4202,TRUE,FALSE,TRUE
b4203,TRUE,FALSE,TRUE
b4204,FALSE,FALSE,TRUE
b4205,FALSE,TRUE,TRUE
b4206,FALSE,FALSE,TRUE
b4207,TRUE,FALSE,TRUE
b4208,TRUE,FALSE,TRUE
b4209,TRUE,FALSE,TRUE
b4210,FALSE,FALSE,TRUE
b4211,TRUE,FALSE,TRUE
b4212,TRUE,TRUE,TRUE
b4213,TRUE,FALSE,TRUE
b4214,TRUE,FALSE,TRUE
b4215,FALSE,TRUE,TRUE
b4216,TRUE,FALSE,TRUE
b4217,TRUE,FALSE,TRUE
b4218,TRUE,FALSE,TRUE
b4219,TRUE,TRUE,TRUE
b4220,TRUE,FALSE,TRUE
b4221,TRUE,TRUE,TRUE
b4222,TRUE,FALSE,TRUE
b4224,TRUE,FALSE,TRUE
b4225,TRUE,TRUE,TRUE
b4226,TRUE,FALSE,TRUE
b4227,FALSE,FALSE,TRUE
b4485,FALSE,FALSE,FALSE
b4230,TRUE,FALSE,TRUE
b4231,TRUE,FALSE,TRUE
b4232,TRUE,FALSE,TRUE
b4233,TRUE,FALSE,TRUE
b4234,TRUE,FALSE,TRUE
b4235,FALSE,FALSE,TRUE
b4236,FALSE,TRUE,TRUE
b4237,TRUE,FALSE,TRUE
b4238,TRUE,FALSE,TRUE
b4239,TRUE,FALSE,TRUE
b4240,TRUE,FALSE,TRUE
b4241,FALSE,FALSE,FALSE
b4702,FALSE,FALSE,TRUE
b4242,TRUE,FALSE,TRUE
b4243,TRUE,FALSE,TRUE
b4244,FALSE,FALSE,TRUE
b4245,FALSE,FALSE,FALSE
b4246,TRUE,FALSE,TRUE
b4248,TRUE,FALSE,TRUE
b4249,TRUE,FALSE,TRUE
b4251,TRUE,FALSE,TRUE
b4252,TRUE,FALSE,TRUE
b4253,TRUE,FALSE,TRUE
b4254,TRUE,FALSE,TRUE
b4255,TRUE,FALSE,TRUE
b4256,TRUE,FALSE,TRUE
b4257,FALSE,FALSE,TRUE
b4258,FALSE,FALSE,TRUE
b4259,FALSE,FALSE,TRUE
b4260,TRUE,FALSE,TRUE
b4261,TRUE,TRUE,TRUE
b4262,TRUE,FALSE,TRUE
b4263,TRUE,FALSE,TRUE
b4264,FALSE,FALSE,TRUE
b4265,TRUE,FALSE,TRUE
b4266,TRUE,FALSE,TRUE
b4267,TRUE,TRUE,TRUE
b4268,TRUE,TRUE,TRUE
b4269,TRUE,FALSE,TRUE
b4271,TRUE,FALSE,TRUE
b4272,FALSE,FALSE,FALSE
b4273,FALSE,FALSE,FALSE
b4575,TRUE,TRUE,TRUE
b4575,FALSE,TRUE,TRUE
b4277,FALSE,FALSE,TRUE
b4278,FALSE,TRUE,TRUE
b4279,TRUE,FALSE,TRUE
b4280,TRUE,TRUE,TRUE
b4655,FALSE,TRUE,TRUE
b4281,FALSE,FALSE,TRUE
b4282,FALSE,FALSE,FALSE
b4623,FALSE,FALSE,TRUE
b4623,FALSE,FALSE,TRUE
b4623,FALSE,FALSE,TRUE
b4284,FALSE,FALSE,FALSE
b4561,TRUE,FALSE,TRUE
b4286,FALSE,FALSE,FALSE
b4287,TRUE,FALSE,TRUE
b4288,FALSE,FALSE,TRUE
b4289,FALSE,FALSE,TRUE
b4290,FALSE,TRUE,TRUE
b4291,TRUE,TRUE,TRUE
b4292,FALSE,FALSE,FALSE
b4293,FALSE,TRUE,TRUE
b4294,FALSE,FALSE,TRUE
b4576,FALSE,FALSE,FALSE
b4295,TRUE,FALSE,TRUE
b4296,FALSE,FALSE,TRUE
b4297,TRUE,FALSE,TRUE
b4298,TRUE,FALSE,TRUE
b4299,TRUE,FALSE,TRUE
b4300,TRUE,TRUE,TRUE
b4301,FALSE,FALSE,TRUE
b4302,TRUE,FALSE,TRUE
b4303,TRUE,FALSE,TRUE
b4304,TRUE,FALSE,TRUE
b4565,TRUE,FALSE,TRUE
b4305,TRUE,FALSE,TRUE
b4656,TRUE,FALSE,TRUE
b4306,TRUE,FALSE,TRUE
b4307,TRUE,FALSE,TRUE
b4566,TRUE,FALSE,TRUE
b4657,FALSE,FALSE,TRUE
b4308,FALSE,TRUE,TRUE
b4308,FALSE,TRUE,TRUE
b4309,FALSE,FALSE,TRUE
b4310,TRUE,FALSE,TRUE
b4311,FALSE,FALSE,TRUE
b4312,TRUE,FALSE,TRUE
b4313,TRUE,FALSE,TRUE
b4314,TRUE,FALSE,TRUE
b4315,FALSE,TRUE,TRUE
b4316,TRUE,TRUE,TRUE
b4317,TRUE,FALSE,TRUE
b4318,TRUE,FALSE,TRUE
b4319,TRUE,FALSE,TRUE
b4320,TRUE,FALSE,TRUE
b4321,TRUE,TRUE,TRUE
b4322,TRUE,FALSE,TRUE
b4323,TRUE,FALSE,TRUE
b4324,FALSE,FALSE,FALSE
b4325,TRUE,FALSE,TRUE
b4326,TRUE,FALSE,TRUE
b4327,FALSE,TRUE,TRUE
b4328,TRUE,TRUE,TRUE
b4329,TRUE,FALSE,TRUE
b4330,TRUE,FALSE,TRUE
b4331,TRUE,FALSE,TRUE
b4332,FALSE,FALSE,FALSE
b4333,FALSE,FALSE,TRUE
b4334,TRUE,FALSE,TRUE
b4335,TRUE,FALSE,TRUE
b4336,FALSE,FALSE,FALSE
b4337,FALSE,FALSE,TRUE
b4339,FALSE,FALSE,TRUE
b4340,FALSE,FALSE,TRUE
b4341,TRUE,TRUE,TRUE
b4342,FALSE,TRUE,TRUE
b4486,FALSE,FALSE,FALSE
b4345,TRUE,TRUE,TRUE
b4346,TRUE,FALSE,TRUE
b4347,FALSE,FALSE,TRUE
b4348,FALSE,FALSE,TRUE
b4349,TRUE,FALSE,TRUE
b4350,FALSE,FALSE,FALSE
b4351,FALSE,TRUE,TRUE
b4352,TRUE,TRUE,TRUE
b4353,FALSE,FALSE,TRUE
b4354,FALSE,FALSE,TRUE
b4355,TRUE,FALSE,TRUE
b4356,TRUE,FALSE,TRUE
b4357,TRUE,FALSE,TRUE
b4358,TRUE,FALSE,TRUE
b4359,TRUE,TRUE,TRUE
b4360,TRUE,FALSE,TRUE
b4361,TRUE,TRUE,TRUE
b4362,FALSE,FALSE,FALSE
b4363,FALSE,FALSE,TRUE
b4364,FALSE,FALSE,TRUE
b4365,TRUE,FALSE,TRUE
b4366,FALSE,FALSE,TRUE
b4367,FALSE,FALSE,TRUE
b4567,TRUE,FALSE,TRUE
b4371,TRUE,FALSE,TRUE
b4372,FALSE,FALSE,TRUE
b4373,FALSE,FALSE,TRUE
b4374,TRUE,FALSE,TRUE
b4375,FALSE,FALSE,TRUE
b4376,TRUE,FALSE,TRUE
b4568,TRUE,FALSE,TRUE
b4377,TRUE,TRUE,TRUE
b4378,FALSE,TRUE,TRUE
b4379,FALSE,FALSE,TRUE
b4380,FALSE,FALSE,FALSE
b4381,TRUE,FALSE,TRUE
b4382,TRUE,FALSE,TRUE
b4383,TRUE,TRUE,TRUE
b4384,FALSE,FALSE,TRUE
b4385,TRUE,FALSE,TRUE
b4386,TRUE,FALSE,TRUE
b4387,TRUE,FALSE,TRUE
b4388,FALSE,FALSE,TRUE
b4389,FALSE,FALSE,FALSE
b4390,TRUE,FALSE,TRUE
b4391,TRUE,FALSE,TRUE
b4392,TRUE,FALSE,TRUE
b4393,FALSE,TRUE,TRUE
b4394,TRUE,TRUE,TRUE
b4395,TRUE,FALSE,TRUE
b4396,TRUE,FALSE,TRUE
b4397,TRUE,TRUE,TRUE
b4398,TRUE,TRUE,TRUE
b4399,FALSE,FALSE,TRUE
b4400,TRUE,FALSE,TRUE
b4401,FALSE,FALSE,TRUE
b4402,FALSE,FALSE,TRUE
b4403,TRUE,FALSE,TRUE
