	ATG	GTG	TTG	CTG	ATC	ATT	AGG	GGA
0	33.0	62.0	47.0	66.0	47.0	93.0	162.0	59.0
1	71.0	52.0	38.0	76.0	43.0	101.0	303.0	83.0
2	76.0	30.0	79.0	51.0	46.0	97.0	77.0	107.0
3	62.0	25.0	51.0	62.0	54.0	81.0	70.0	166.0
4	142.0	58.0	76.0	56.0	39.0	112.0	101.0	93.0
5	131.0	54.0	66.0	37.0	99.0	101.0	111.0	106.0
6	81.0	42.0	65.0	108.0	70.0	86.0	81.0	117.0
7	95.0	54.0	58.0	62.0	72.0	127.0	60.0	79.0
8	111.0	50.0	79.0	66.0	69.0	100.0	101.0	114.0
9	66.0	55.0	86.0	65.0	71.0	102.0	132.0	119.0
10	129.0	50.0	56.0	54.0	33.0	89.0	80.0	115.0
11	95.0	83.0	79.0	59.0	53.0	98.0	105.0	102.0
12	90.0	61.0	65.0	56.0	51.0	113.0	68.0	155.0
13	92.0	64.0	53.0	57.0	37.0	88.0	55.0	106.0
14	261.0	65.0	76.0	63.0	34.0	88.0	119.0	66.0
15	103.0	78.0	78.0	51.0	58.0	113.0	86.0	120.0
16	125.0	63.0	95.0	70.0	91.0	117.0	103.0	143.0
17	80.0	61.0	102.0	65.0	67.0	64.0	127.0	152.0
18	60.0	29.0	43.0	22.0	64.0	104.0	84.0	126.0
19	144.0	119.0	58.0	126.0	84.0	169.0	59.0	70.0
20	213.0	135.0	154.0	130.0	95.0	144.0	73.0	75.0
21	442.0	172.0	178.0	87.0	45.0	141.0	10.0	80.0
22	691.0	259.0	169.0	73.0	68.0	111.0	27.0	69.0
23	434.0	193.0	107.0	102.0	66.0	72.0	78.0	154.0
24	59.0	100.0	38.0	78.0	28.0	26.0	85.0	180.0
25	47.0	94.0	24.0	54.0	36.0	83.0	102.0	173.0
26	219.0	74.0	71.0	44.0	67.0	135.0	78.0	100.0
27	139.0	43.0	62.0	49.0	56.0	193.0	92.0	76.0
28	180.0	48.0	131.0	52.0	54.0	94.0	38.0	80.0
29	137.0	71.0	70.0	65.0	71.0	102.0	56.0	49.0
30	110.0	42.0	57.0	77.0	61.0	107.0	77.0	66.0
31	92.0	46.0	79.0	76.0	64.0	84.0	68.0	45.0
32	118.0	83.0	107.0	75.0	60.0	92.0	58.0	75.0
33	100.0	61.0	69.0	46.0	51.0	48.0	57.0	100.0
34	211.0	87.0	85.0	96.0	79.0	49.0	27.0	15.0
