{
"apiVersion": "V1",
"assemblies": [
{
  "files": [
    {
      "filePath": "data_summary.tsv",
      "fileType": "DATA_TABLE"
    },
    {
      "filePath": "assembly_data_report.jsonl",
      "fileType": "DATA_REPORT"
    }
  ]
},{
  "accession": "GCF_000005845.2",
  "files": [
    {
      "filePath": "GCF_000005845.2/GCF_000005845.2_ASM584v2_genomic.fna",
      "fileType": "GENOMIC_NUCLEOTIDE_FASTA"
    },
    {
      "filePath": "GCF_000005845.2/sequence_report.jsonl",
      "fileType": "SEQUENCE_REPORT"
    }
  ]
},{
  "accession": "GCF_000008865.2",
  "files": [
    {
      "filePath": "GCF_000008865.2/GCF_000008865.2_ASM886v2_genomic.fna",
      "fileType": "GENOMIC_NUCLEOTIDE_FASTA"
    },
    {
      "filePath": "GCF_000008865.2/sequence_report.jsonl",
      "fileType": "SEQUENCE_REPORT"
    }
  ]
},{
  "accession": "GCF_013892435.1",
  "files": [
    {
      "filePath": "GCF_013892435.1/GCF_013892435.1_ASM1389243v1_genomic.fna",
      "fileType": "GENOMIC_NUCLEOTIDE_FASTA"
    },
    {
      "filePath": "GCF_013892435.1/sequence_report.jsonl",
      "fileType": "SEQUENCE_REPORT"
    }
  ]
},{
  "accession": "GCF_016904755.1",
  "files": [
    {
      "filePath": "GCF_016904755.1/GCF_016904755.1_ASM1690475v2_genomic.fna",
      "fileType": "GENOMIC_NUCLEOTIDE_FASTA"
    },
    {
      "filePath": "GCF_016904755.1/sequence_report.jsonl",
      "fileType": "SEQUENCE_REPORT"
    }
  ]
},{
  "accession": "GCF_020283705.1",
  "files": [
    {
      "filePath": "GCF_020283705.1/GCF_020283705.1_ASM2028370v1_genomic.fna",
      "fileType": "GENOMIC_NUCLEOTIDE_FASTA"
    },
    {
      "filePath": "GCF_020283705.1/sequence_report.jsonl",
      "fileType": "SEQUENCE_REPORT"
    }
  ]
},{
  "accession": "GCF_902709585.1",
  "files": [
    {
      "filePath": "GCF_902709585.1/GCF_902709585.1_H1-003-0086-C-F.v2_genomic.fna",
      "fileType": "GENOMIC_NUCLEOTIDE_FASTA"
    },
    {
      "filePath": "GCF_902709585.1/sequence_report.jsonl",
      "fileType": "SEQUENCE_REPORT"
    }
  ]
}]}
